sp,sp_distri_area_km2,pa_areas_intersect_range_km2,pa_strict_areas_intersect_range_km2,pa_areas_overlap_range_km2,pa_strict_areas_overlap_range_km2,pa_intersect_distri_perc,pa_strict_intersect_distri_perc,pa_overlap_distri_perc,pa_strict_overlap_distri_perc
Accipiter_albogularis,19050.860288345986,859.0362717837612,0,147.46266611085306,0,0.04509173122797299,0,0.007740472812194242,0
Accipiter_badius,12226060.859931292,72381.38347187651,328.7060059295162,55250.12492512045,327.1990681587249,0.005920253816917715,2.6885683761545045e-5,0.004519045468372627,2.6762427564143804e-5
Accipiter_bicolor,7522553.724954975,2356296.7258111653,697904.6800732454,2141008.774453714,627273.7461404888,0.3132309601185691,0.09277496786205042,0.28461196193936505,0.08338574493121925
Accipiter_brachyurus,9816.28254022264,0,0,0,0,0,0,0,0
Accipiter_brevipes,3001919.56682101,108530.22946533967,64832.87091194881,76640.92573227997,43645.2846790849,0.036153610064999724,0.02159713792085572,0.025530639321373165,0.014539125285526765
Accipiter_butleri,166.78144879617236,0,0,0,0,0,0,0,0
Accipiter_castanilius,1057183.360453363,220199.92867758503,63420.06564776722,157466.95062759682,56597.146402291015,0.20828924944784827,0.05998965555092555,0.14894951672344578,0.05353579002418262
Accipiter_cirrocephalus,3050878.826537119,1322241.213893455,434878.16542564705,433547.60641199443,213958.49273343052,0.4333968305762758,0.1425419330466339,0.1421058098541691,0.07013011820475439
Accipiter_collaris,128087.67437559942,118491.46160669108,41124.824067469985,43523.95828606967,26508.184620282704,0.9250809040316497,0.3210677707120914,0.33979817728942185,0.20695343833436394
Accipiter_cooperii,6727628.184178804,0,0,0,0,0,0,0,0
Accipiter_erythrauchen,24258.980450254094,1987.9232869903308,1911.6774950288843,1834.8205224178284,1796.355601853453,0.08194587118229484,0.07880287875036648,0.0756346923227192,0.07404909722142249
Accipiter_erythropus,1976513.3163584925,348013.97449023084,101280.46123832835,300781.2534984732,84659.48667116204,0.17607469254566327,0.051241982738030024,0.1521777015156313,0.04283274287629784
Accipiter_fasciatus,4555153.178612671,1145762.6426195407,378278.8628594779,865766.6504984489,283400.40209926636,0.2515310896676579,0.08304415856651552,0.19006312555270183,0.062215339635533294
Accipiter_francesiae,276934.71207766293,64382.34098391623,12826.62639211825,23264.713354018964,12116.07891653779,0.2324820189599814,0.04631642705924558,0.08400793522588336,0.04375066897767581
Accipiter_gentilis,31014525.086994097,3103738.651174589,565089.5229871089,2485778.6961671035,507684.0996663222,0.10007371199361483,0.018220157213501183,0.0801488557117875,0.01636923661549855
Accipiter_griseiceps,70850.98053666721,8976.697376129314,6873.40429317051,5764.26301416966,4551.1012385326585,0.12669828008214568,0.09701212659454087,0.08135756161040715,0.06423483774056375
Accipiter_gularis,6530714.851832654,148577.41545786988,71613.18203290713,106582.40788585039,64577.99611547895,0.02275055929232249,0.010965596210774841,0.016320174790044793,0.009888350292519206
Accipiter_gundlachi,60188.95059535964,5618.138633683318,4703.112079488984,4398.388198695707,3519.84381165058,0.0933416944158594,0.0781391274140536,0.07307633968010746,0.058479899995497645
Accipiter_haplochrous,8841.523817240046,12562.97254189474,78.04493810777807,1929.2308075281803,78.0449381077807,1.4209058078199437,0.008827091316046518,0.21820116615717103,0.008827091316046814
Accipiter_henicogrammus,11470.333520663437,919.1093576877059,919.1093576877059,917.3204058435058,917.3204058435058,0.08012926180672603,0.08012926180672603,0.07997329843905433,0.07997329843905433
Accipiter_henstii,231041.21711628127,28625.014795598156,12787.973345543449,22166.032687113733,11387.502789521823,0.12389570637169646,0.05534931604479628,0.09593973302156618,0.04928775450395321
Accipiter_hiogaster,401916.1598182629,50224.909534450344,28010.754294831655,24550.814206536226,13417.813037055628,0.12496364803336316,0.06969302828604221,0.061084416754075103,0.033384606986499
Accipiter_imitator,8945.472791190161,0,0,0,0,0,0,0,0
Accipiter_luteoschistaceus,9900.537663445288,0,0,0,0,0,0,0,0
Accipiter_madagascariensis,254273.499511725,28705.403098360304,12826.62639211825,22955.93517108154,12226.368474914829,0.11289183950935731,0.0504442123019068,0.09028048622905353,0.04808353406231013
Accipiter_melanochlamys,58380.201380758226,19802.50674901992,16733.60760065084,7953.031216510259,6948.678438488866,0.33919901406072767,0.2866315498213773,0.1362282251244774,0.11902457124409835
Accipiter_melanoleucus,4689430.546724606,866526.9829572542,240314.73058017011,664369.6822877021,211979.19390524746,0.18478298683035005,0.051246036845139134,0.14167385051725304,0.045203610927409314
Accipiter_meyerianus,136042.00795319665,25002.48556934825,19150.422700575054,14695.722917552514,11803.958964428222,0.1837850377653203,0.14076845078002295,0.1080234196676101,0.08676701514497794
Accipiter_minullus,3527052.1944998587,956211.3067206655,320111.1820122843,838583.206722737,273156.20945831353,0.271107784628704,0.09075884459874758,0.23775752681812792,0.07744603549793726
Accipiter_nanus,55640.6810572675,5961.9331258010425,4310.773535157023,4969.767946029962,3943.621124078817,0.10715061376881413,0.0774752115402795,0.08931896324049104,0.07087657895524126
Accipiter_nisus,28227854.864865396,2356.4940911486374,0,839.8472616781908,0,8.348116080480897e-5,0,2.975242949557356e-5,0
Accipiter_novaehollandiae,1027762.5742311791,426528.62723585835,181910.68084933073,181569.9332103468,113240.14382030022,0.41500696554836547,0.1769967942113572,0.17666525106362307,0.11018122926397651
Accipiter_ovampensis,3784222.2026159726,1029267.248298811,373181.7959698464,847469.8035846184,292523.27071563445,0.2719891151178424,0.09861519117769348,0.2239482139814031,0.0773007648740652
Accipiter_poliocephalus,339749.9135136344,47017.0985215236,28056.6714211801,23513.573468601156,12641.817310641272,0.1383873745110954,0.08258036368875828,0.06920847521468917,0.03720918477918596
Accipiter_poliogaster,4026426.523368884,1457240.2861454554,419158.9890968586,1377662.8822480757,387737.2843318061,0.3619190062671732,0.10410198389666654,0.3421552272846133,0.09629811498643441
Accipiter_princeps,5838.681952731533,21.972676575983048,0,16.61824981675696,0,0.0037632939683764563,0,0.002846233097006146,0
Accipiter_rhodogaster,73588.01583966371,7417.3458104894,5115.025251455162,6238.012289681538,4583.0057817615925,0.10079556740122722,0.06950894371985743,0.0847694046170935,0.062279241116477646
Accipiter_rufitorques,411008.3504047399,2785256.9225836257,261985.00460312076,59196.56091690989,13850.376460699323,6.776643150536596,0.6374201505763359,0.14402763559089773,0.0336985281371052
Accipiter_rufiventris,400411.59563319583,109687.15857269266,34631.09632670716,42077.26450474002,17403.21914933969,0.27393601925847705,0.08648874484252346,0.10508502991328365,0.043463324586838936
Accipiter_soloensis,2277228.5027243434,31257.36761643931,4899.930982425713,26628.016956530417,4890.7811576385975,0.013726056730382928,0.0021517080857558746,0.011693168658601545,0.0021476901205950793
Accipiter_striatus,14216595.88409949,1184604.3940308986,577478.9980893541,866487.9124869702,443384.72340607387,0.08332546016559533,0.040620061426605916,0.06094904290387062,0.03118782632781848
Accipiter_superciliosus,4383814.778092881,35613.46137131696,2416.312683589758,1897.2506297839905,1078.4727949722346,0.00812385175333756,5.511895018158003e-4,4.3278530818981447e-4,2.4601240005888423e-4
Accipiter_sylvestris,17599.395563942635,3115.0532704724064,875.3537715763495,1143.220878431416,293.1961219840786,0.17699774172099858,0.04973771788900299,0.06495796257762562,0.016659442701814953
Accipiter_tachiro,2694589.1093521626,731617.1068207471,195494.7440194688,659314.7867101608,181945.87459919957,0.2715134208334434,0.07255085509733615,0.2446810107046986,0.06752267867769393
Accipiter_toussenelii,2326092.286926443,430682.4656166569,148229.77063804967,319429.2378319891,100065.63932393886,0.18515278522578932,0.06372480209455123,0.1373244043786687,0.043018774399600244
Accipiter_trinotatus,60587.644161751174,7345.114598319155,5050.5310203122035,5724.522815669585,4181.905047522618,0.12123122956736627,0.08335909227348026,0.09448333723600136,0.06902240721487969
Accipiter_trivirgatus,1770515.2681141666,268930.06827140786,139533.78186328922,206475.27609478956,110636.68558246776,0.15189367361844555,0.07880970267593974,0.11661874924959732,0.062488410902160986
Accipiter_virgatus,2408762.5638933484,245069.47892016175,108341.95934105883,183965.34109766711,88219.77829905887,0.10174082020107839,0.04497826434413808,0.07637338102777508,0.03662452232588124
Aegypius_monachus,7641833.717913641,620682.5045524682,261849.52195553496,477896.5684693256,255411.7319848686,0.08122167106273097,0.03426527344369182,0.06253689704724431,0.033422832976088446
Aquila_adalberti,84637.09822757785,37156.645702613976,1420.8493089461074,27912.29442206227,1321.7002395983463,0.4390113375898677,0.0167875475258572,0.32978794177241094,0.015616086412183827
Aquila_africana,967652.166480543,224167.9390802292,74177.02301737582,183905.32054225632,60980.856645363274,0.2316616929568324,0.07665670122681147,0.19005312746949157,0.06301939762834133
Aquila_audax,4305473.1358980145,1111965.251518952,368514.3283034226,864771.9196978752,296801.0240662265,0.25826784105274037,0.08559206309542092,0.2008540971926202,0.06893575100761166
Aquila_chrysaetos,35836422.4131465,191853.9112045804,24150.861466473914,106071.52341696639,21458.50204109887,0.005353601121025944,6.739194328062789e-4,0.0029598803751697688,5.987902975835799e-4
Aquila_fasciata,3410770.1436365624,107509.61423885259,7357.160240029828,12275.944253212545,3781.2990407414595,0.03152062722239789,0.002157037833158005,0.0035991707843800744,0.0011086349655652372
Aquila_gurneyi,304322.29033906007,41393.3844023471,28210.62428700856,14637.170944047119,9643.010157078754,0.13601824682716718,0.09269982903841105,0.04809759721425316,0.03168683485634593
Aquila_heliaca,20740646.047025304,6370.571286632051,1190.974823138123,6279.3107719007185,1190.9748231381232,3.0715394651584346e-4,5.742226256780158e-5,3.0275386589519084e-4,5.742226256780159e-5
Aquila_nipalensis,17167124.188148253,391450.220860614,139427.09032232518,276046.3732325698,121647.12012651452,0.022802317765654733,0.008121749967800787,0.016079942697865796,0.00708605115179959
Aquila_rapax,9229424.325082477,1683527.5316726891,474128.3584394779,1460192.5814519054,406617.49454104825,0.18240872587225473,0.05137139021238369,0.15821058064083066,0.04405664754582779
Aquila_spilogaster,6406154.573593406,1293623.6614811125,435481.85779271,1194245.6776822591,400410.87722244614,0.20193450635948046,0.06797866844921212,0.1864216143964148,0.06250409237282009
Aquila_verreauxii,2138061.4900631025,549151.0285546457,195672.15484554818,397680.2076001956,144442.41137402088,0.2568452923860661,0.09151848801119987,0.18600036034906486,0.06755765072488996
Aviceda_cuculoides,5426279.50006694,1134806.0459327968,340470.5652508498,990275.9316949269,280127.14809563535,0.20913151375980496,0.06274475268858704,0.18249630003075049,0.05162416497199963
Aviceda_jerdoni,817104.0983431437,159199.72371873487,86601.99069913077,96763.92811774313,59680.05114844868,0.19483407810773062,0.10598648431054886,0.11842301160152426,0.07303849199809787
Aviceda_leuphotes,2470198.3443743717,23984.133046379044,2737.0874463046953,17446.632366767248,2470.648141827258,0.00970939564468598,0.0011080435919399495,0.007062846757427475,0.0010001820896098934
Aviceda_madagascariensis,180456.62632082126,26529.34969654524,10749.269433198258,20401.481912949348,9919.534107609354,0.14701233330928262,0.059567053049567054,0.11305476739146711,0.05496907655789877
Aviceda_subcristata,902319.8450806214,884347.4569732973,288494.7622475507,128255.65405747747,71451.18423496927,0.9800820205769515,0.3197256092951984,0.14213990167313448,0.07918609418214134
Busarellus_nigricollis,6653546.483067505,0,0,0,0,0,0,0,0
Butastur_indicus,3953553.8285277607,292327.37539101695,154877.44988227013,230690.75798742793,133534.96160204202,0.07394040604219493,0.039174235788752114,0.058350225643274835,0.03377593107206239
Butastur_liventer,711929.9854806897,100003.66212219416,50108.93471363454,84602.6105445011,40094.245389188116,0.1404683945917413,0.07038463856779592,0.11883557691052733,0.056317680399592646
Butastur_rufipennis,3977354.140982458,406706.967469547,165280.0609595933,372909.14995048114,152446.8941976723,0.10225565867491124,0.04155527898724326,0.09375809564153313,0.03832872024818387
Butastur_teesa,2178412.6103322674,76895.0243495074,11098.588616960747,67285.07358255477,7009.297596166173,0.03529865002837034,0.005094805531477303,0.030887203490936443,0.003217617068006719
Buteo_albigula,586382.4812345614,191659.05748033198,100422.23955063526,87742.9148452283,33978.71905918605,0.32684990362743394,0.17125723016009567,0.14963427055408546,0.05794634073590966
Buteo_albonotatus,4344521.5345534375,183079.53077047563,84319.48607974958,116953.12550362476,39172.92193390378,0.04214032070376052,0.01940823296860849,0.026919679088584857,0.009016625104133652
Buteo_augur,2012313.1969200731,584317.7100631715,193726.357839747,485483.0426937019,145189.05432857413,0.2903711564171489,0.0962704802295453,0.24125620377422033,0.07215032657480548
Buteo_auguralis,3619191.507906256,627395.5594151928,141120.27936649072,489045.4007505305,125786.20488136854,0.17335240703472704,0.03899221112179566,0.13512559357033,0.03475533267763919
Buteo_brachypterus,315452.9513616213,28047.43397083864,12787.973345543449,23122.655864824093,12223.603832840405,0.08891162326988757,0.040538448888639125,0.07329985585811591,0.03874937222834161
Buteo_brachyurus,7427332.35742636,10909.09955440723,3869.7095597957937,3438.3301491339257,2322.7857096476378,0.0014687776215506984,5.21009344078509e-4,4.6292935116819505e-4,3.1273485524384217e-4
Buteo_buteo,15481946.638384864,688352.2990900293,183484.34827736526,580729.1956700092,148586.42732503082,0.04446161165440116,0.011851503726440117,0.0375100889593683,0.009597399525757049
Buteo_galapagoensis,3216.5546778964317,73684.85814167008,3855.69065725429,3216.554677896177,3043.6727544886103,22.908007330955318,1.1987020409601248,0.9999999999999208,0.9462524530996367
Buteo_hemilasius,5246213.519793368,202042.91080366354,43822.04948924673,119806.76092246892,38581.80394319986,0.03851214024007574,0.008353081574722629,0.022836806102239572,0.007354219152086566
Buteo_jamaicensis,11498335.200485317,1104326.035774527,683913.1503247378,918771.6632092659,623206.6229622179,0.09604225451071526,0.05947931925796279,0.07990475553108652,0.0541997264904848
Buteo_japonicus,6019887.593732653,206226.4756311371,84547.40022148287,161499.1599215813,72505.01913966973,0.034257529301018996,0.014044680885654037,0.02682760390571399,0.012044248004755972
Buteo_lagopus,35310075.98021866,150.83920089036587,34.51588328342488,129.67652115984032,34.51588328342518,4.271845831622359e-6,9.775080433913906e-7,3.6725075650499154e-6,9.775080433913993e-7
Buteo_lineatus,2552553.0686430265,68407.27686872495,15302.257992175852,53530.809341506785,12195.219440396097,0.02679955128419376,0.005994883389558968,0.020971477537179872,0.0047776555912623
Buteo_nitidus,5336263.302049525,1889978.3607228855,449244.3202573697,1724880.761798931,418069.8206601707,0.35417636907028033,0.084187060275835,0.323237566095445,0.07834505102092705
Buteo_oreophilus,341864.69165664294,106409.55783871356,46801.349017837616,64520.40891740619,28511.973655190384,0.31126220529842735,0.13690021274511516,0.18873083559681633,0.08340134079662963
Buteo_plagiatus,769272.9067680535,7733.539223999472,3150.169008890777,5970.4306479376355,2366.041687495241,0.01005305029718308,0.004094995392630664,0.007761134696685481,0.0030756857113760742
Buteo_platypterus,7129062.337161137,60120.78089193572,19598.829634015496,27126.427140252774,15694.517600439269,0.008433196127146842,0.002749145498679977,0.0038050483860763637,0.002201484130476685
Buteo_refectus,237732.18228393488,33460.31669416376,13999.817205984737,32461.171447834728,13757.844820214917,0.14074794742850805,0.058889028281682486,0.13654512879145997,0.057871192230016494
Buteo_regalis,3202416.844054964,70173.87414846153,43867.67768314968,70161.39489209572,43867.677683150265,0.021912785738288202,0.013698303443721447,0.021908888913804228,0.013698303443721629
Buteo_ridgwayi,18908.19764174543,26470.244585272823,22752.571333582182,4241.745180651203,3341.761520021942,1.3999348370905507,1.203317828842087,0.22433365998281599,0.17673612172553224
Buteo_rufinus,10580419.838850927,360363.16623137746,92799.43909954451,297242.954565881,85512.44388342358,0.03405943920184875,0.008770865477264736,0.02809368239570375,0.008082140896661294
Buteo_rufofuscus,874491.5455093775,183673.69168799408,54204.53170076959,131705.52408542682,35654.509186831994,0.21003483982341656,0.06198405459620117,0.15060811595235085,0.04077170256238876
Buteo_socotraensis,1866.5719562388847,2049.1113556486616,0,1360.4311173720828,0,1.0977939258112455,0,0.7288393639607292,0
Buteo_solitarius,3713.123155251081,2796.7066503535493,311.6624232069366,409.3204649747969,87.11813573495823,0.7531952303813194,0.08393538543589245,0.11023616719955487,0.0234622262964147
Buteo_swainsoni,8937629.210869223,91477.04429517422,14197.220853686185,7870.903475208547,7111.150891701995,0.010235045797595543,0.001588477270507113,8.806477970283875e-4,7.956417439038517e-4
Buteo_trizonatus,118542.8194647473,16966.077520795905,0,4834.695482181409,0,0.143121933470136,0,0.04078438073272897,0
Buteo_ventralis,402094.93384826084,145199.3099223987,72268.71181831774,107032.33084653066,64434.05847614551,0.36110703642238073,0.17973047092801694,0.266186718201532,0.16024588486971858
Buteogallus_aequinoctialis,167676.92441080356,166162.08357023785,15897.592442421046,56784.55811612948,12841.239591042571,0.9909657166846978,0.09481085425608361,0.3386545782352793,0.07658322477088088
Buteogallus_anthracinus,1022682.4086091637,58744.26241331639,22111.81148058387,39255.117527132745,13632.614777190047,0.05744135414747958,0.021621386360459332,0.03838446539871479,0.01333025254216531
Buteogallus_coronatus,2312743.226873271,320562.43754545273,58949.72565558532,264266.0199515674,51578.827228769114,0.13860701604079034,0.02548909233442348,0.11426517949804728,0.02230201201302466
Buteogallus_gundlachii,7925.024559951456,15954.987318042718,7725.99166747081,3329.8761722548784,1249.2039638314034,2.013241371978846,0.9748855172655939,0.4201723473618201,0.1576277719244135
Buteogallus_lacernulatus,87201.49585400485,8404.996729445062,290.88418738357126,2702.5070337659963,289.8412797552278,0.09638592374053925,0.0033357706141942515,0.03099152150200047,0.003323810869488845
Buteogallus_meridionalis,5469378.814937415,1525991.8631128552,357434.496670372,1180592.2352418313,262890.38522908435,0.27900643103111095,0.06535193643822641,0.2158549033059325,0.04806585795650224
Buteogallus_schistaceus,1848638.4166054013,957496.8602746011,236157.5158979018,701189.7070801686,179555.24701174337,0.5179470748167311,0.12774673174408582,0.3793006251421206,0.09712837588945882
Buteogallus_solitarius,518656.20707605174,265090.8343948896,76643.46397885721,116284.18737553731,43185.759611616726,0.511110887671337,0.14777315480506495,0.22420282605137373,0.08326471181185402
Buteogallus_urubitinga,6827640.094162129,2147193.3886781684,590669.5024442284,1951370.949396324,533457.7711871446,0.3144854384627119,0.08651151705393369,0.28580460048924,0.07813208719704919
Chelictinia_riocourii,3258643.6030100947,22607.636502163652,3500.0095223798367,20979.46003513121,3141.3460793090076,0.00693774442878024,0.0010740694438467545,0.006438095904612561,9.640041876341627e-4
Chondrohierax_uncinatus,5033174.219022286,1687483.6552401742,437501.50132772874,1445385.5524613797,350952.30317728885,0.3352722520238877,0.08692357591641545,0.2871717706489706,0.06972782739188843
Chondrohierax_wilsonii,58159.635487086896,14352.72687610734,6284.225750334635,8341.158189807069,4238.330933313622,0.2467815823793128,0.10805132627988896,0.14341833678890653,0.07287409726380856
Circaetus_beaudouini,1269535.8632084448,256703.7306672083,39948.95010753232,178925.9630625157,39611.37330229412,0.20220281924013686,0.031467366354323394,0.14093809261151835,0.031201460667827027
Circaetus_cinerascens,2946747.909147132,710430.2050228916,246350.39277666342,578436.9600513128,189450.80563338788,0.24108957634876516,0.08360076951678022,0.19629672367146192,0.06429148725118465
Circaetus_cinereus,5972887.118852122,1226768.362718627,371630.96562237124,1063316.4038246707,328738.38905497076,0.20538951068514236,0.06221965328114083,0.17802385725130201,0.05503843995601045
Circaetus_fasciolatus,379130.5575033921,136171.90553191662,25353.633789429237,99158.51707835463,23696.296914582108,0.35916890062521084,0.06687309500026886,0.2615418755252073,0.06250168034627517
Circaetus_gallicus,15426501.729569353,1058331.4374821098,141346.27752233422,826708.4109816742,112617.21357473382,0.06860475926654916,0.009162561934012764,0.05359014152878539,0.007300243149674715
Circaetus_pectoralis,5051887.917635089,24831.828252717532,0,21485.56650366259,0,0.004915356131721528,0,0.004252977669726391,0
Circus_aeruginosus,19180388.15200894,1424968.4840058936,290048.8032542095,1087075.4485019601,265247.9352345916,0.07429299515279326,0.015122155034377133,0.056676405080368544,0.013829122389622221
Circus_approximans,2907780.379098823,5568.673975915863,844.1268447486932,119.0397239044249,117.32993495484432,0.0019150944190777235,2.9029938121059347e-4,4.093834760014359e-5,4.03503427556682e-5
Circus_assimilis,4362975.477352257,1101762.5423221695,369365.7467581368,849263.4643697261,289136.68718474166,0.25252549505292937,0.08465913885500279,0.19465235795574895,0.06627052769047627
Circus_buffoni,3440244.386572756,308204.8356256145,49576.52619432557,199723.94395356262,42434.769882169145,0.08958806439116224,0.014410757092671185,0.05805516164290056,0.012334812621972929
Circus_cinereus,2305362.795353629,105904.74444145417,53897.99532738273,76384.45760973218,46971.562392022766,0.04593842871712042,0.023379398433952384,0.033133378296761856,0.020374911266327435
Circus_cyaneus,29098243.42846291,601904.6839037909,28288.322436743223,437766.0948364313,20298.069393739814,0.020685258386251185,9.721659833621623e-4,0.01504441654399741,6.975702654918658e-4
Circus_hudsonius,13446334.156120464,175883.56438937812,53210.86359384094,46572.457092572324,16982.594013380916,0.0130804100468766,0.003957276606101639,0.003463580225795118,0.0012629906274975941
Circus_macrosceles,316356.55213751836,22939.615116399655,8400.397655175315,18726.25180218809,7893.748502804647,0.07251190140177004,0.026553575699370092,0.05919350073725641,0.024952062631449088
Circus_macrourus,24288907.074838385,518679.7004573832,145805.35881637217,458476.9805889729,140192.1597246857,0.02135459198963708,0.006002960872925253,0.018875982322972575,0.005771859528003013
Circus_maillardi,801.8841437017777,856.7257753512436,565.2386654226412,577.9367925586911,354.25490460197625,1.068390966550726,0.704888193465582,0.7207235572594474,0.4417781638212868
Circus_maurus,834924.4547649508,54723.73162522182,8934.329528769711,45751.97429936794,6115.787556086919,0.06554333306793335,0.010700763976646148,0.054797741326486966,0.007324959187844898
Circus_melanoleucos,4546517.680637243,141202.90451484398,59032.363261158775,120447.05840161021,44683.841343759304,0.031057374991897726,0.012984083073638186,0.0264921566047288,0.0098281463930206
Circus_pygargus,18608970.95005602,1254727.5728631848,364229.4435538713,1109944.0485741284,340333.3813199612,0.06742595150643768,0.019572788013448687,0.05964564357443887,0.01828867282523952
Circus_ranivorus,2333383.419075022,723478.653029034,220650.23914753814,601559.4914643692,161047.56811173534,0.31005562442705137,0.09456235839500661,0.2578056767467876,0.06901890482087007
Circus_spilonotus,6753861.913804891,634729.7496322392,184816.9249436493,520715.7870779751,142484.57173245706,0.09398026754660943,0.02736462890452107,0.07709896851957133,0.02109675524180005
Circus_spilothorax,38783.217929600694,6867.955903878231,0,5511.5170117578,0,0.17708576726008002,0,0.1421108743932055,0
Clanga_clanga,18881648.449845374,766003.0595666866,194196.34116612768,656830.0600437154,171058.40431572174,0.04056865382285833,0.010284925157989476,0.034786690462351784,0.009059505835525847
Clanga_hastata,1320874.0808935552,26727.432486018275,1877.4600888819414,19376.633081838314,1147.1893787404347,0.020234655878732584,0.0014213770381593547,0.014669553564659439,8.685077520518648e-4
Clanga_pomarina,7037629.237780575,911581.2216359159,321368.8165319957,784104.2706182041,238995.81026536465,0.12952958884821802,0.04566435736721822,0.11141596752622955,0.03395970463779869
Cryptoleucopteryx_plumbea,82029.13402049695,22.78507575082636,22.78507575082636,2.445305607919693,2.445305607919693,2.777680884103075e-4,2.777680884103075e-4,2.9810208740088305e-5,2.9810208740088305e-5
Dryotriorchis_spectabilis,1455736.097753641,288170.93198244163,97246.33993263307,252248.71461086127,77630.31012010011,0.19795547587720103,0.06680217663262919,0.1732791506648138,0.05332718632167748
Elanoides_forficatus,7265682.308342336,244418.90363378086,76530.24670642886,53741.04210049284,19676.33846612271,0.033640185912497594,0.010533112164642556,0.0073965582060735394,0.0027081198476749616
Elanus_axillaris,4285974.306955308,1103463.566474992,361610.31308328407,850243.927329134,287164.3816882957,0.25745921170929187,0.08437062081694247,0.19837821378195208,0.06700095733711782
Elanus_caeruleus,14034612.030993998,4173.184879354609,0,4173.184879354474,0,2.9734950065869715e-4,0,2.9734950065868755e-4,0
Elanus_leucurus,6770659.298442081,1678050.0880523315,474915.74206530524,1186482.0560955124,297517.6166202564,0.24784146034913446,0.07014320483894126,0.1752387771702706,0.043942192850955415
Elanus_scriptus,2415751.370218941,643903.6228760943,204894.57957282467,323324.1364011731,133580.71552010076,0.26654383013668204,0.08481608749093039,0.13383998882793555,0.05529572172321453
Erythrotriorchis_buergersi,77122.19650134593,17082.44749909398,13933.531222794953,3968.4020046678847,2678.599605003942,0.22149845665762205,0.18066823631704768,0.05145602932352463,0.03473188947564785
Erythrotriorchis_radiatus,569057.0676474541,388272.85349161725,112987.01487216982,137637.38541949447,47438.95404651883,0.6823091664545717,0.1985512900125656,0.2418692135544558,0.08336414174177083
Eutriorchis_astur,18079.867971936445,11444.879869894017,3472.7925593335135,3673.5128645785558,2185.832293212278,0.6330178897135063,0.19208063713319032,0.20318250499840923,0.12089868668317295
Gampsonyx_swainsonii,5298620.830992766,1714387.6748876243,417194.21875616803,1415822.5912319813,344137.8370327717,0.32355356791333406,0.07873637915661183,0.2672058704315154,0.0649485683179736
Geranoaetus_albicaudatus,5061050.926344775,4676.685429956098,4562.669606304722,2061.7481422373953,1955.2007028482635,9.240542128537174e-4,9.015261203071914e-4,4.073754981411429e-4,3.863230643799037e-4
Geranoaetus_melanoleucus,3950251.4058123175,596864.381493783,188814.70370219077,450137.59628162166,151973.81091889893,0.1510952899391591,0.0477981485999531,0.11395163245035457,0.03847193388635666
Geranoaetus_polyosoma,2846205.771068239,380704.83575466723,140781.78936798268,279090.93234636413,118521.61498500674,0.13375871822920973,0.049462969543183945,0.09805718728537874,0.041641969877857135
Geranospiza_caerulescens,7421804.594471027,2246118.1204911503,621058.7489034479,2084622.1031426077,571492.7612015796,0.30263773343809486,0.08368028839860779,0.2808780636309901,0.07700186038680146
Gypaetus_barbatus,6156841.107320561,905.4886666434578,287.07596865722206,855.9085737687047,246.65021491857027,1.4707033214919586e-4,4.66271524070818e-5,1.3901748621562097e-4,4.006116295989839e-5
Gypohierax_angolensis,6092578.456697865,1029217.4372966683,302752.7017936745,962814.0131606893,291322.47868015297,0.16892969776453184,0.04969204811155839,0.15803063021736247,0.0478159585060227
Gyps_africanus,7650152.510949449,1361510.3560889952,436030.0795355201,1290785.680754686,420804.1255372286,0.17797166189043992,0.056996259736187285,0.1687267905976019,0.05500597863048396
Gyps_bengalensis,3095215.144548344,119756.06416163333,67235.23586711937,109497.04677813544,61622.5405623029,0.038690707614480936,0.021722314193745772,0.03537623126812186,0.019908968418831805
Gyps_coprotheres,2012455.1230021366,436.301806300504,390.1581673785028,436.3018063005038,390.1581673785076,2.168007630647875e-4,1.938717355329014e-4,2.168007630647874e-4,1.938717355329038e-4
Gyps_fulvus,8435506.925279975,438172.75579013897,54033.58845546989,297698.5781421916,34469.586759203565,0.05194385585494567,0.006405493935822537,0.03529113078551719,0.004086249595255892
Gyps_himalayensis,1644042.6020091034,128118.47563255727,67856.11923309615,114606.9052854021,60182.02376208868,0.07792892682707249,0.04127394214126357,0.06971042304216853,0.03660612181736848
Gyps_indicus,1273232.5660706682,13219.695852126228,1018.4662445557356,8796.391468764854,909.706439006551,0.010382781751273943,7.999059022648402e-4,0.00690870757092827,7.144856825442365e-4
Gyps_rueppelli,5136017.686614241,705360.69663768,185347.12693874395,659361.7036675997,172073.45599747516,0.13733611129806428,0.036087711968322334,0.12837995191995985,0.03350328337963906
Gyps_tenuirostris,998406.5667112417,48384.03247045932,5167.49665600121,34231.50237948928,4584.446554129787,0.04846125224299823,0.005175743858559525,0.034286135048418286,0.004591763222502618
Haliaeetus_albicilla,21336515.45431794,1599406.3804083418,377362.94747555733,1270158.2694506065,312649.31205858616,0.07496099275594997,0.01768625004788161,0.05952978930275893,0.014653250795706396
Haliaeetus_leucocephalus,12144603.193373114,361597.13891377265,159271.35946710536,295262.9145530552,145997.1202766344,0.02977430659167881,0.013114579120544192,0.024312273513734054,0.012021563648641887
Haliaeetus_leucogaster,2763181.0587063944,797115.8775934246,346532.72128647665,393031.3342467942,211858.1209916077,0.2884776135395923,0.12541079065181082,0.14223871903305352,0.07667182008362158
Haliaeetus_leucoryphus,10040715.485967454,7284.398454735189,2317.4673934760654,7284.398454735185,2317.4673934761017,7.254859939927195e-4,2.3080699744105638e-4,7.25485993992719e-4,2.3080699744106002e-4
Haliaeetus_pelagicus,1389974.088005267,69715.25357757199,19437.279922821963,59781.87182153538,17252.30612890073,0.05015579367930477,0.013983915305008412,0.04300934264704714,0.012411962408349124
Haliaeetus_sanfordi,18386.425411927667,859.0362717837612,0,143.9644874815443,0,0.046721222452869283,0,0.007829933456676765,0
Haliaeetus_vocifer,9513093.046841675,425682.86217144615,156537.28091149052,419589.9750043991,156223.1156010467,0.04474705125613923,0.016454930078021315,0.04410657742317594,0.01642190556024388
Haliaeetus_vociferoides,27780.084688816925,9625.188538097174,4085.811066463027,3115.834384130619,2031.087618476916,0.34647801278920737,0.14707698382603562,0.1121607230155393,0.07311308231160811
Haliastur_indus,4698140.869786605,788927.5407927631,294206.842394118,401389.809238926,186083.7288196138,0.1679233472683413,0.06262197123252314,0.0854358820571418,0.03960795003323643
Haliastur_sphenurus,3103453.729405077,2027837.395935208,415101.48643557186,402604.04450404656,190990.14416784584,0.6534131238115602,0.13375468836622403,0.12972774193131745,0.061541160532932473
Hamirostra_melanosternon,2911803.6103937905,856262.0403087365,219691.90284885265,570087.6394265346,138559.25904551795,0.29406586256445233,0.07544873633120527,0.19578505823386774,0.047585372361970274
Harpagus_bidentatus,4572839.167860036,1932821.0500848496,551827.4653817044,1740323.44210215,488373.4451102142,0.4226741809923215,0.12067502160587568,0.38057831868085884,0.10679873644862074
Harpagus_diodon,2724494.7575098635,230020.44398243714,45905.05446622735,187583.18171329267,35269.24644380999,0.08442682568883761,0.016849015524692625,0.0688506304503739,0.012945242910302171
Harpia_harpyja,5689928.915625163,1916678.9480025508,505478.44927913684,1732040.0651776085,478761.1638953814,0.33685463850684355,0.08883739265899053,0.3044045173255571,0.0841418532629909
Harpyopsis_novaeguineae,369575.500280764,42743.53999049946,26311.240536267207,26351.473815236266,14893.223364281137,0.11565577252287418,0.07119314055254944,0.07130200404306354,0.04029818901135723
Helicolestes_hamatus,1202117.8143231208,679794.7084313208,146467.75128481403,395263.9670948391,88252.29603953028,0.5654975746400485,0.12184142813596517,0.32880634691983274,0.07341401565471575
Henicopernis_infuscatus,9919.493158546014,132.66410269127917,0,70.76751275383052,0,0.013374080769135275,0,0.00713418635637262,0
Henicopernis_longicauda,379436.559097766,48130.51769416687,28056.6714211801,28305.58745921237,16917.458615488555,0.1268473386133715,0.07394298400737656,0.0745989989117499,0.04458573695617345
Hieraaetus_ayresii,3866362.0899569606,686533.3742782292,215625.12585816585,558804.0112077359,169096.0082092512,0.17756572155037645,0.055769511711865075,0.1445296633388924,0.04373517127340071
Hieraaetus_morphnoides,4058813.3696098244,1190991.6421910122,475119.7886198468,778454.0299461507,247711.24107084415,0.29343345794327635,0.11705879165996742,0.19179350195670217,0.06103045853883564
Hieraaetus_pennatus,16910015.370432697,829101.9985450876,163674.0750453155,693415.9250138717,139589.97748437876,0.049030233289721274,0.009679120418275964,0.04100622677294045,0.00825486993515411
Hieraaetus_wahlbergi,6198285.828670764,636452.3945682904,205136.72619885925,580319.3086844165,180197.66591025938,0.10268200146955453,0.033095719021213846,0.09362577408097154,0.029072177516683378
Hieraaetus_weiskei,336722.24643380044,42740.626574067835,26311.240536267207,22169.196176793204,11286.863414180616,0.12693140125646743,0.07813929971936082,0.06583822842590731,0.033519803142557175
Icthyophaga_humilis,1520802.6385122896,197816.46869133305,120576.0502262538,146063.44147421475,84084.78167279216,0.1300737279656781,0.07928448253101807,0.09604365338101983,0.05528973947273479
Icthyophaga_ichthyaetus,1936489.731359975,261548.7524376171,131163.32085073183,196368.46298135014,104270.44422564872,0.13506333041793842,0.0677325155546357,0.10140433992564617,0.05384507985612749
Ictinaetus_malaiensis,1683750.9829603021,227489.09925465492,142371.16775114587,176070.1583546386,109703.74370426801,0.13510851756397665,0.08455595227082494,0.10457018890351545,0.0651543754477229
Ictinia_mississippiensis,2633401.0186693496,68824.50435896915,2135.4164151426207,66.94953788768524,18.785275477188108,0.026135215970162412,8.10896783286596e-4,2.542322168672763e-5,7.133465561838454e-6
Ictinia_plumbea,6599688.421559425,6737.099765682156,3052.9391378882324,4836.5251416087685,2191.5805099216523,0.0010208208835547213,4.6258837431098916e-4,7.328414362425244e-4,3.3207332981998697e-4
Kaupifalco_monogrammicus,6697574.24118046,1254512.6938021556,348010.7309899609,1152967.768093828,325485.93606816005,0.18730851628171655,0.051960712708519874,0.1721470679645076,0.04859758538649547
Leptodon_cayanensis,6215196.574794052,2117709.4088644423,585293.4012565784,1932402.4842784547,527292.5986147581,0.3407308816993636,0.09417134184142402,0.3109157467545565,0.08483924720148221
Leptodon_forbesi,6348.883838813678,335.6092424733371,32.77379802901363,184.82187382562088,31.825059892699954,0.05286114079164621,0.0051621354022343535,0.029110923828172576,0.0050127015552148815
Leucopternis_kuhli,1207028.9581960572,638921.2311253513,141974.25469965622,520724.37546079996,115166.00276571237,0.5293338049488383,0.11762290683716586,0.4314100104433608,0.09541279186692554
Leucopternis_melanops,1296194.2514435798,733759.194630356,265167.368615271,676297.9249345821,249004.19712419665,0.566087369862321,0.20457378847341162,0.5217566149374484,0.19210407456049053
Leucopternis_semiplumbeus,120445.01127873587,59446.03429524529,16747.760791456287,31109.774949559123,10770.134998059882,0.49355331253757184,0.13904902007687422,0.2582902738708236,0.08941951919565565
Lophaetus_occipitalis,7200558.425842255,1407421.383339087,383896.23395626,1250526.6632409561,344684.8681358128,0.19546003241748014,0.05331478633358292,0.1736707890255999,0.04786918565909626
Lophoictinia_isura,3323063.2534055384,262545.6370236074,122556.37503583862,68861.45891583561,59752.44959757332,0.0790071139195276,0.0368805423460539,0.020722283527183864,0.017981135187943798
Lophotriorchis_kienerii,1945811.8221726227,265278.2990073163,137346.12788388575,209658.00378020052,128614.87910222134,0.1363329670343539,0.07058551413801673,0.10774834513344873,0.06609831312393541
Macheiramphus_alcinus,6957907.613283326,1320923.2703134404,468151.8910303422,1151508.5359808446,405178.7239321287,0.1898448993188223,0.06728343017038549,0.16549638195576244,0.05823284045315619
Megatriorchis_doriae,303476.0052826324,42744.40591790027,26399.73971525314,19725.854455340617,9320.12357507449,0.1408493758117439,0.08699119289733173,0.06499971698576165,0.03071123717472984
Melierax_canorus,1251580.5439690074,326217.9448104541,126948.34679883199,294052.7286012978,118210.63966461604,0.26064478741092684,0.10143042524155407,0.23494511001968668,0.09444908698384437
Melierax_metabates,6456235.521606427,1624578.5300372362,363416.0774691037,1134901.7044600341,312477.63839728606,0.25162937823448733,0.05628916049498133,0.1757838140603722,0.04839935553025427
Melierax_poliopterus,1048026.5821325523,239421.58773748003,78220.97469635578,161121.09696174134,66275.32070742195,0.2284499189422263,0.07463644150818166,0.15373760523696628,0.06323820582161492
Micronisus_gabar,7230840.685716688,1473268.4213263774,443294.78534706304,1286940.4113659256,391118.4088405174,0.20374787460558658,0.06130611980190872,0.17797936191680455,0.05409030925174526
Milvus_migrans,41322994.12008559,2434254.9954891065,466335.0905587947,2101563.1539729624,435210.8592066266,0.05890800140026409,0.011285123464277878,0.0508569913367306,0.010531929461400925
Milvus_milvus,2709341.185977842,218303.42029774797,8201.601196597157,197192.7204122163,7341.024222438338,0.08057435565058188,0.0030271570221736674,0.07278253526458184,0.002709523724967423
Morphnarchus_princeps,57323.03450482355,13940.636373270429,8483.54291551141,7862.905850882819,5540.029940295204,0.24319431959062407,0.14799535629603747,0.13716834635160813,0.09664578974494152
Morphnus_guianensis,6013829.872103433,1983588.2897735594,526997.4338702485,1828737.4010007896,504014.26189583266,0.3298377792452861,0.08763091824643232,0.30408864897954946,0.08380919856642796
Necrosyrtes_monachus,7516828.543728849,1218642.4263433006,338825.5928181333,1161466.2564458838,326678.5133268857,0.16212188681089335,0.04507560480421084,0.1545154648252385,0.043459620161141965
Neophron_percnopterus,14226717.544362923,722032.7098956859,110818.7201091244,563772.7165848515,90456.71289149016,0.050751883394337734,0.007789479179829102,0.039627743703131026,0.006358227933423193
Nisaetus_alboniger,403852.45201284986,52070.09088762086,41847.06235319135,49570.176597091726,40660.80028113002,0.1289334523737498,0.10361968125888674,0.12274328495475989,0.10068231622334255
Nisaetus_bartelsi,7319.63080894412,2614.3247201088166,2198.577320659496,1514.154755674566,1243.3603688282903,0.35716619981902353,0.30036724228945744,0.20686217586607866,0.16986654126175102
Nisaetus_cirrhatus,2313315.7497666096,210334.59323751574,107598.2334569227,164625.86907022464,90423.96498104173,0.09092342593471574,0.04651255820472336,0.07116446126597017,0.039088466410244514
Nisaetus_floris,17988.650819238355,2110.670847681778,1030.0195762963965,969.3432485340957,347.4933969267623,0.11733347146993786,0.05725941242879758,0.05388637859918935,0.019317368512991973
Nisaetus_lanceolatus,92424.72951671772,7478.827574551239,5113.924806139641,6510.6587217564775,4742.787377690899,0.08091803582934451,0.05533069810298593,0.07044282148079031,0.05131513397432261
Nisaetus_nanus,551843.4094168758,63573.60253933413,49804.346834425625,35102.68091257559,26001.608278562195,0.11520225022984573,0.09025086824368002,0.0636098580024142,0.04711772911456473
Nisaetus_nipalensis,1217442.3624112469,244014.4079591509,79003.92975146874,137112.36319652424,58062.931015520444,0.20043200030912336,0.06489336348950009,0.11262328914279086,0.04769255022514736
Nisaetus_philippensis,65923.16043943765,17247.080041814996,3103.417022898058,9142.510969226476,2773.0873662924773,0.26162398657539426,0.04707627793041124,0.13868435475913699,0.04206544934750299
Nisaetus_pinskeri,67384.6728989997,20288.863615502196,3263.4267976341102,8011.771214060464,3096.7562118005585,0.30109018479487754,0.048429808400577014,0.11889604667323977,0.04595638857581408
Pandion_haliaetus,59510366.335434735,3516958.483334069,1484658.6737003184,2857310.9069131534,1258762.312993556,0.059098249597565294,0.024947900090749337,0.04801366690985738,0.02115198394004913
Parabuteo_leucorrhous,640516.0384478901,212541.6154799634,58726.56803500121,102311.10906571314,39932.683343181176,0.33182871734952657,0.09168633493910391,0.15973231414100925,0.06234454868600444
Parabuteo_unicinctus,4937579.1967456285,430.2106318280173,0,44.70316961402416,0,8.712986965587718e-5,0,9.053661284762407e-6,0
Pernis_apivorus,22794426.72566106,1215251.7434022871,99404.56609134511,853940.3518771983,84995.15378334824,0.053313547123964515,0.004360915380224912,0.037462681652610554,0.003728769089317086
Pernis_celebensis,78463.60598812303,9372.227918860746,6873.855429733139,5632.464200189297,3869.370548561421,0.11944681614912539,0.08760565287776385,0.07178441685489038,0.04931420752121849
Pernis_ptilorhynchus,9866509.752071204,103630.30826615807,34108.941156978566,64575.19263854393,23616.934592150657,0.010503238822056981,0.0034570422585168304,0.006544887124343857,0.0023936463030599982
Pernis_steerei,134143.13987912715,47725.62366185663,6710.137388042334,18434.09773326792,6206.491476402769,0.3557813221373895,0.05002221801344938,0.13742109920699933,0.046267677064926876
Pithecophaga_jefferyi,74209.15961512226,23067.536521821563,4864.689625973328,12889.310639071828,4249.372984961103,0.3108448693053369,0.0655537625166962,0.17368894494858633,0.05726210897684347
Polemaetus_bellicosus,7761232.035679162,1466268.585369708,464968.5985457882,1356761.7082091032,455510.7193661766,0.18892214259657802,0.05990912221259215,0.1748126717474666,0.05869051682415216
Polyboroides_radiatus,220412.57591781396,27329.44355598083,12780.258791246462,17288.66381463411,10504.122692457027,0.12399221524533727,0.057983346630874115,0.07843773769551424,0.04765663959380311
Polyboroides_typus,7695235.688948451,1432395.4463047353,465496.90587097075,1330914.0652943,420267.88505146623,0.18614055555983514,0.060491572277571216,0.17295299573549106,0.05461403679357553
Pseudastur_albicollis,4319987.618017769,1890354.1306664238,499444.8239873917,1714854.7948424502,473841.52187204256,0.4375832288921732,0.11561255914352886,0.39695826619737234,0.10968585185192388
Pseudastur_occidentalis,25013.980981475503,329.40843052214336,278.18341644711205,47.650351110617756,38.83625201504254,0.013168972614398802,0.011121117292490355,0.0019049487223127728,0.001552581815897411
Pseudastur_polionotus,438301.7078853183,61302.09178462818,13105.909506553022,42564.61075576874,12437.141890775036,0.13986277188011295,0.02990157070066034,0.09711258247459482,0.028375755026784463
Rostrhamus_sociabilis,6103874.65624024,8972.011325054897,0,533.5066080803135,0,0.0014698878712855684,0,8.740458120890277e-5,0
Rupornis_magnirostris,7849810.272920443,3444.782135249666,661.7714581695803,915.8738139619315,646.575450371299,4.388363559732342e-4,8.43041341333432e-5,1.1667464335048061e-4,8.236829017406903e-5
Sagittarius_serpentarius,7332506.413256394,1522690.369065719,462340.41437827423,1343009.7436382032,430355.67834331706,0.2076630122426973,0.06305353017385867,0.18315834558428534,0.0586914833876285
Sarcogyps_calvus,2342983.3100579823,151784.91896143765,69007.04793969807,131244.65663460302,62598.29216989959,0.06478275722658963,0.029452641699778192,0.05601604419083765,0.026717344464715995
Spilornis_cheela,3740642.487400361,275620.27397395705,144069.65443692362,257112.10184946776,136723.5080562672,0.07368260262838035,0.03851468161477466,0.06873474348738237,0.03655080872251069
Spilornis_elgini,2566.396311755109,0,0,0,0,0,0,0,0
Spilornis_holospilus,142196.59770086486,43864.70262704175,6804.078079034464,18658.038220658313,6300.753583260899,0.3084792698016498,0.04784979520640866,0.13121297219718803,0.044310157100352174
Spilornis_kinabaluensis,18474.150437513206,8065.610387824145,7665.702783738925,2319.6977798289977,1942.0353876124252,0.4365889741509462,0.4149421002966998,0.1255645171709044,0.10512176969550766
Spilornis_klossi,563.4157178372676,0,0,0,0,0,0,0,0
Spilornis_rufipectus,58418.30893104063,8620.66170882618,6919.787709437055,4328.012517446988,2954.9626501297225,0.1475678065074147,0.11845237967441777,0.07408657656550709,0.05058281734272524
Spizaetus_isidori,241088.78020292713,171520.62960186077,49435.71437723581,69951.96680367178,30084.67204598356,0.7114417745093319,0.2050519079968185,0.29015023737227597,0.12478669484602707
Spizaetus_melanoleucus,4493748.62439457,1930853.7650010057,537937.2924710356,1662292.5163131512,452146.6591141053,0.4296755173440847,0.11970791814006072,0.3699122170050416,0.1006168116880418
Spizaetus_ornatus,4863209.885833136,13483.515977193163,776.374316457159,1063.7426573920743,756.3503202320422,0.00277255481332845,1.5964236269522126e-4,2.1873262358896532e-4,1.5552491831276758e-4
Spizaetus_tyrannus,4257654.762784423,1632810.7658015788,424722.76682744495,1520812.2841451908,409025.936372531,0.38350003858315473,0.0997550976983593,0.3571948335121961,0.09606836607509153
Stephanoaetus_coronatus,3382194.5397828263,765532.2972189585,205429.9340191465,647000.2177368846,158810.7922096574,0.22634188785252843,0.060738651074854294,0.1912959796151847,0.046954954938770256
Terathopius_ecaudatus,7225995.994887787,1395174.656315684,436536.53395529673,1273295.09144783,419442.9573943704,0.19307714221025524,0.06041195348906026,0.17621032344173104,0.05804638664221733
Torgos_tracheliotos,7053592.803460012,1268651.1431291657,360114.4971112691,1123116.9309353577,335251.06526428944,0.17985885753241268,0.05105405247303494,0.1592262216192056,0.04752912091832663
Trigonoceps_occipitalis,5766645.19016373,1038812.4500684642,335180.97049047763,954133.8576021157,330731.10305919894,0.1801415581871389,0.05812408418367786,0.16545735451690335,0.0573524279980556
Urotriorchis_macrourus,1550983.4754438833,268641.12345706165,79591.27920301647,242792.6610210214,61179.94210188745,0.17320695398136204,0.051316651958679224,0.15654110109170274,0.03944590195222942
Caracara_cheriway,2178777.7168286103,809994.444822666,257542.88588283,553900.3560038955,172539.55627543552,0.37176552640793453,0.11820521381947344,0.2542252712269074,0.07919098627765525
Caracara_plancus,5105948.485441058,753424.2128626085,199701.60967111556,610980.8996874474,169431.38068118342,0.1475581304846492,0.0391115598288033,0.11966060790264124,0.0331831355455886
Daptrius_ater,3400211.0586281503,1624695.7271946846,438607.0788889327,1519153.0732662224,426413.6598381432,0.4778220231570521,0.12899407458132708,0.44678199296226634,0.12540799747007003
Falco_alopex,2710650.868355135,488690.943139174,130810.52093839106,355469.3702853239,100361.71340190315,0.18028546163738132,0.048257974667821724,0.13113801354323001,0.037024950196852244
Falco_amurensis,8484987.61498896,132041.17201180043,40562.18769113918,120844.53925933698,37265.53252719189,0.015561740099484191,0.004780465161726928,0.014242158591470638,0.00439193717399909
Falco_araeus,120.72939211347604,0.4678815976974964,0.4678815976974964,0.46390953999519347,0.46390953999519347,0.003875457247873201,0.003875457247873201,0.0038425567450812255,0.0038425567450812255
Falco_ardosiaceus,3751048.463382544,743999.5053998976,198147.18833536876,540500.8416003486,154734.946806567,0.19834441294554453,0.052824481013686406,0.14409327068862948,0.04125111907166171
Falco_berigora,4606026.29923271,1133881.196721072,382389.6168390969,872621.3808276603,296828.71930236975,0.2461734091509548,0.08301941673732884,0.18945210559762218,0.06444355720500698
Falco_biarmicus,9584804.505857438,88298.61649091632,3837.2512071955584,20078.706581171227,3734.29640812573,0.009212354455112311,4.0034736283359233e-4,0.0020948477946421116,3.896059023262955e-4
Falco_cenchroides,4485675.808179137,23236.365168741093,12250.685359501098,14729.825795950437,7419.403066980895,0.005180125841098933,0.002731067933434538,0.0032837472937951103,0.0016540212410028447
Falco_cherrug,21440035.31926935,515622.316241738,76141.84176593555,382163.836990164,56744.175918011475,0.024049508714116694,0.00355138602302127,0.01782477646604864,0.0026466456362136833
Falco_chicquera,1745665.8489063496,48317.176154442204,2935.520918357431,43781.42452411927,2589.535725172177,0.027678364782534215,0.0016816052855685522,0.025080071625132667,0.0014834085955193015
Falco_columbarius,38137809.744563766,80488.73503154196,80432.44488632535,43.50205118533677,42.591684688835976,0.0021104708311943626,0.002108994864284002,1.1406541559859146e-6,1.1167837108135733e-6
Falco_concolor,597826.699289029,24299.56942873431,5530.983243600689,13101.748263457168,1650.7820620775426,0.04064651086616372,0.009251817040253409,0.021915629193273813,0.002761305348256862
Falco_cuvierii,3799009.49440765,1032515.8616092317,324938.7643778174,745981.7647927564,251574.33383276648,0.2717855438711463,0.0855324959982714,0.19636217437489492,0.06622103319380951
Falco_deiroleucus,1731187.5191398943,891022.6170070466,239597.48858616117,523434.6782244925,159952.5306638477,0.514688678814952,0.13840065616069158,0.30235585252171326,0.0923946879788718
Falco_dickinsoni,1962003.885595673,597103.415216263,196389.89824218873,537843.2462467714,163331.62194962645,0.30433345193655403,0.10009658986101544,0.2741295520337259,0.08324734887058506
Falco_eleonorae,422998.7800133661,98662.80523962913,12826.62639211825,30334.397512242744,12227.472729370826,0.23324607516955853,0.030323081290477834,0.07171273049838164,0.02890663828624862
Falco_fasciinucha,257470.1626193347,148247.7716438615,39057.81763582717,72664.81392146948,17001.57164238888,0.575786219792168,0.15169842298803957,0.28222615460457523,0.06603317242443124
Falco_femoralis,6961794.21968567,1203915.8265529573,281949.1132731286,905355.939209136,187136.46762142977,0.1729318317322104,0.040499489697048065,0.1300463516501373,0.026880493981317234
Falco_hypoleucos,2965968.621892786,838977.3804663469,208505.9956941636,555496.368361308,114359.60742416819,0.282867921890198,0.07029946107828401,0.18729003545789638,0.03855725464525905
Falco_jugger,1418560.6741464806,48642.96515698463,4952.2918865740885,43806.23838745478,4338.960850314548,0.03429036631531614,0.0034910680782503593,0.03088076469750729,0.0030587065674333694
Falco_longipennis,4507807.749724851,1112078.9062829777,369551.7735396754,867359.7221249195,297630.27410875243,0.24670060659770973,0.08198037584061392,0.19241275810350647,0.06602550300130242
Falco_mexicanus,3547550.386076955,63177.44217735644,14045.292671309473,14658.872149932004,4394.627606300722,0.017808751194995982,0.003959152413009532,0.004132111049772139,0.0012387780659996498
Falco_moluccensis,236020.58199771185,27811.149884604423,19887.622790754587,14587.03721180978,10226.432038450399,0.11783357895827087,0.0842622394302349,0.06180408966177025,0.0433285603818634
Falco_naumanni,25825861.55534055,1504150.636646313,463960.83353703405,1403069.816401054,438747.786624932,0.05824203128415162,0.017964970211849184,0.054328093310440286,0.016988698932067302
Falco_newtoni,315387.440810272,29340.00749791694,14029.367472145927,23195.849481774978,12286.626666814349,0.0930284586556097,0.04448296176950683,0.07354715654555481,0.03895724774343703
Falco_novaeseelandiae,100637.81675736216,65370.02143772081,25854.750730922522,51374.423576619636,21303.525976459565,0.6495572295186806,0.2569088992983457,0.5104882561242698,0.21168509674471953
Falco_peregrinus,66869938.5338968,2375520.9131401666,538646.9904021318,2202359.637597327,489055.869116427,0.03552449673534543,0.008055144093322118,0.03293497326127998,0.007313538487380566
Falco_punctatus,414.7995527969795,31.41565145714526,30.42694923471546,31.415651457150265,30.426949234720944,0.0757369463040897,0.07335338003512193,0.07573694630410177,0.07335338003513514
Falco_ruficollis,6534205.385938485,0,0,0,0,0,0,0,0
Falco_rufigularis,6885329.377060626,3784.555777370311,210.36792614248944,236.54298482215782,32.08027775158167,5.49655008514052e-4,3.055306647251439e-5,3.4354636048383054e-5,4.659221947821597e-6
Falco_rupicoloides,1727102.3647904976,621071.8768464203,243390.12180632725,426402.1874221538,160560.43528384727,0.3596033967110908,0.1409239699789602,0.24688877516178814,0.09296521072352519
Falco_rusticolus,19435093.5721086,1007072.006829872,224772.05423482892,963912.112383227,194955.83403271122,0.051817193629318366,0.011565267406656607,0.04959647396637915,0.010031124023631835
Falco_severus,2364050.6067522136,259934.61845565913,101117.38539663641,173751.29400642292,65772.46351298671,0.10995306856512824,0.04277293603945043,0.0734972819575662,0.027821935505579726
Falco_sparverius,17941113.478430048,84238.97999560062,80432.44488632535,169.87006647925,88.74923120004001,0.004695303894982778,0.004483135619370914,9.46820088304322e-6,4.946695828368736e-6
Falco_subbuteo,38528522.367235735,2857037.634579485,532621.8898226237,2291036.763093253,456983.23322078143,0.07415383355083144,0.013824093349491128,0.05946339548805348,0.011860907326396596
Falco_subniger,3293162.260581845,950725.3286615211,281738.6765106184,652543.9071975268,203432.50594979318,0.2886967763603438,0.08555262517214686,0.19815115550432474,0.061774212702732166
Falco_tinnunculus,39315622.62944235,1969620.3588119063,586705.1475443623,1714996.4208227016,526032.6576583105,0.05009765144446457,0.014922951954091542,0.04362124535040149,0.013379736157717101
Falco_vespertinus,22106371.331845094,737084.4619955681,166203.0805672018,640209.1141915622,148978.126193132,0.03334262556848347,0.007518333880865366,0.028960389047175548,0.006739148816274662
Falco_zoniventris,219569.42030042113,25738.06508619763,11105.648240251227,15226.84692008716,9151.512093772259,0.11722062685679124,0.05057921191874607,0.06934866840406717,0.041679356265780995
Herpetotheres_cachinnans,6867365.012887118,2201174.2635731045,602526.811514947,2013790.939171626,541721.6781636163,0.32052676091083526,0.08773770003258322,0.29324070227701576,0.07888348400689865
Ibycter_americanus,4164784.228079039,25130.50217512087,11064.57656396376,13191.918146954986,4407.6544832260615,0.006034046615354198,0.0026566986326365277,0.0031674913811896594,0.001058315207186386
Micrastur_buckleyi,313746.5612664134,158284.4525030058,56735.22635788894,96305.69167099182,41377.027073092555,0.5044978082440267,0.18083138864974851,0.3069537759466157,0.13188041617437152
Micrastur_gilvicollis,2150746.752058611,1089075.7952397668,349117.4931951874,1011199.7293885445,328715.11126299406,0.5063710054181628,0.1623238500121066,0.4701621557352876,0.15283766484750508
Micrastur_mintoni,957500.2916533665,470832.3240648628,83885.47640872619,406618.1894699607,78637.23715388804,0.49173073697121455,0.08760882596064455,0.4246663870648347,0.0821276378079227
Micrastur_mirandollei,2666377.585325082,1429734.4043026427,429616.59589008655,1270365.5647477238,396340.0880737402,0.5362085295689024,0.16112369015347397,0.47643873536119685,0.14864364681696754
Micrastur_plumbeus,38524.082058671615,1323.5871071959427,1319.5027329920217,1023.7663950269631,1019.6820208230549,0.03435739507511532,0.034251373750643514,0.02657471224019775,0.026468690915726276
Micrastur_ruficollis,6432712.144653944,2045552.5855280317,548109.9011070326,1906661.8353952132,534816.1619526448,0.31799224643186247,0.08520665759349298,0.2964009258489499,0.08314007372413147
Micrastur_semitorquatus,6798665.357463396,1916849.832328562,513381.0281323829,1843104.8966952553,501876.259552073,0.2819450188446611,0.0755120308383478,0.2710980464234709,0.07381982097429261
Microhierax_caerulescens,641754.5593824838,124734.57485166537,58495.58273515071,97561.15409526821,49505.65900410861,0.19436492195971128,0.09114946186192581,0.15202253364455187,0.07714110991551738
Microhierax_erythrogenys,130774.94215008772,39454.22956023459,6623.732719905557,17781.737915100875,6127.045954307815,0.30169563764710966,0.050649861594307836,0.13597205720567737,0.04685183456075193
Microhierax_fringillarius,707855.3156789738,76143.5281101706,60513.38515745286,58500.53788989954,46645.690385339796,0.1075693385690462,0.08548835308160187,0.08264476736151358,0.06589720999777662
Microhierax_latifrons,30577.471147514807,607.7766404547191,216.4195029594345,329.41500643523403,215.77123760645102,0.019876615614241738,0.007077743673286863,0.01077312786417288,0.007056542922254965
Microhierax_melanoleucos,1316384.781566807,61250.947105132684,11217.264267454226,44729.674679245545,9406.695541263594,0.04652966819642937,0.008521265533093635,0.033979179420478206,0.0071458555834012435
Milvago_chimachima,7065417.687632754,2082673.9104620821,546162.6099661738,1988917.6410194866,535384.5799373594,0.2947701045484652,0.07730082411435803,0.28150036260430444,0.07577536157196933
Phalcoboenus_albogularis,259452.31116540742,160826.31217471012,86657.7963828754,115267.54339891966,74606.91471867471,0.6198684893278106,0.33400279224195795,0.44427256354418704,0.2875554061690779
Phalcoboenus_australis,19972.78598429708,11609.517502694043,11548.755075305475,1871.656789713224,1859.7499735349686,0.5812668053330983,0.5782245443567707,0.09371035123416184,0.09311419924076358
Phalcoboenus_carunculatus,22640.436190416476,12930.06054789232,9493.337622903104,5116.869389864936,2291.3786211041847,0.5711047454715346,0.41930895425599446,0.22600577775223554,0.10120735315488788
Phalcoboenus_chimango,2521404.529209569,35.90446123947471,15.17748906292057,15.938101339623481,15.177489062922,1.4239865449409002e-5,6.019458157980915e-6,6.321120294259125e-6,6.019458157981483e-6
Phalcoboenus_megalopterus,544987.8286618023,104800.45312569884,27831.4797375056,75792.62952782719,15137.042782843986,0.19229870396010956,0.05106807578775618,0.13907215086607203,0.027775010719069525
Polihierax_insignis,279113.1877534554,72488.8328974477,34662.84873627128,55954.76730034544,21832.470586018422,0.2597112428864454,0.12418921877274196,0.20047339128157235,0.07822084926099353
Polihierax_semitorquatus,1607912.8533969233,362971.1940068613,163917.69599368642,257863.34712192672,102552.0588772503,0.22574058863951355,0.10194439061009379,0.16037146949671877,0.06377961259566764
Spiziapteryx_circumcincta,820459.5122153116,586.240614030487,0,586.2406140304842,0,7.145271708138122e-4,0,7.145271708138087e-4,0
Aegolius_acadicus,7508632.531431269,231885.7170927888,108497.86473600882,215417.28128358966,99462.07460262037,0.030882549668279954,0.014449750241716429,0.028689282686541005,0.013246363327312978
Aegolius_funereus,21814399.64752072,3515993.3638717025,1521326.2267478877,2840589.73580142,1250995.337310658,0.161177635904883,0.06973954137311275,0.13021626914790033,0.05734722740595054
Aegolius_harrisii,605059.9342308579,260807.00791645664,60437.93014303207,56081.80187823447,18317.091309248408,0.43104326226457246,0.09988750985447377,0.09268801106377127,0.030273184973870052
Aegolius_ridgwayi,22942.357470089555,8028.148792274719,3929.2175651101884,2883.9795645359463,1371.3893193252054,0.34992693330409436,0.1712647695526841,0.12570545848637624,0.059775431583834186
Asio_abyssinicus,78225.54865969926,22284.87766200441,18128.9520180792,11262.787780447974,9438.716259254265,0.28487978727959085,0.23175231530742832,0.14397838012544883,0.12066027558739212
Asio_capensis,4029209.4013431026,929569.230989891,271957.7796849402,817123.8641096487,242248.84685146678,0.23070760002694995,0.06749656138355216,0.20280004902134585,0.06012317125307888
Asio_clamator,3817545.7743896972,810723.5681396275,178531.0856647659,591326.130709373,126592.96148955416,0.21236773991773186,0.04676593188808778,0.154896932651425,0.03316082346381093
Asio_flammeus,47598363.18790451,2690363.280001359,615768.3785651253,2389105.9142149785,526939.6857081191,0.05652218059223143,0.012936755327788282,0.05019302669681061,0.01107054214507155
Asio_madagascariensis,309568.6084965157,27999.94826819763,12787.973345543449,22354.793838411508,11652.33866232513,0.09044828028327936,0.041309011942945055,0.07221272837379154,0.03764056930357743
Asio_otus,26677345.73929062,555587.7460397679,121443.82937260017,432112.9534205202,93188.67982421716,0.0208262003075326,0.004552320555404306,0.016197749118050397,0.0034931765976615914
Asio_stygius,2672811.5340915928,727480.4279607494,197155.62828496133,342519.4209670878,84942.54429751301,0.272177973898185,0.07376338577196709,0.12814948476473845,0.031780222142143065
Athene_brama,2836991.2408283306,170950.60796724702,64430.109270539,157390.4409094329,61744.52330735355,0.06025771440779412,0.022710718434127773,0.055477943902103415,0.021764086691126228
Athene_cunicularia,8922828.028117843,13497.520400486297,3511.049030533573,2647.0107542216956,85.86417787345844,0.001512695342547516,3.9349060852338134e-4,2.966560316841665e-4,9.622978006847276e-6
Athene_noctua,17906716.747451562,2902427.074076184,448282.61374397983,2191549.406545757,402655.6109649232,0.16208594322514483,0.02503432762501134,0.12238700357270423,0.022486289175385997
Athene_superciliaris,221691.4402002265,27215.53169986336,12767.1724105823,14936.914276907492,9726.891174153274,0.12276311469348086,0.057589830257096485,0.06737704560634737,0.04387580849025192
Bubo_africanus,4847768.959896509,1093887.0827554346,334013.90619826847,991812.4957895209,313276.7576277982,0.22564752813194858,0.06890054145761086,0.20459153561037166,0.06462287295855083
Bubo_ascalaphus,1810517.2478404753,1060748.2878677053,36418.69877891445,690548.2064861326,18176.61707116329,0.585881349174072,0.020115079722302264,0.38140934990251846,0.01003946087387113
Bubo_bengalensis,2063374.1538161745,58603.14068855682,5119.974738725886,49569.31200429905,4999.589754399585,0.028401606456187955,0.00248136031424867,0.024023423920776305,0.0024230165649564484
Bubo_blakistoni,1830404.2933247401,184811.76459881413,57732.478568580635,132370.66952343332,49235.22727968998,0.10096772897266465,0.0315408343277624,0.07231772237760417,0.026898553209935536
Bubo_bubo,24945687.523514017,2876518.265358508,679159.2408024169,2325092.962275303,619768.1003787292,0.11531124418387256,0.027225517042263742,0.09320620889216424,0.024844699100577225
Bubo_capensis,1064117.302349992,222774.2195674963,55462.47444073476,178473.56107293384,52189.4349676184,0.20935118626069013,0.052120639630848654,0.16771981874441247,0.04904481381175128
Bubo_cinerascens,4968507.138154929,663845.0405725794,168122.11226852096,606089.8541614008,149514.52360544217,0.1336105639206348,0.033837550715677074,0.1219863104365941,0.030092444158380513
Bubo_coromandus,794399.105701561,55923.11423261541,8593.783287143422,36110.034055232776,3368.1007723293865,0.07039674872648276,0.01081796697083887,0.04545578386992615,0.004239809370574381
Bubo_lacteus,5844337.109057561,1232159.822847353,385237.898489474,1074292.3838233019,368627.58970719716,0.21082969716749403,0.06591644035940909,0.1838176620849544,0.06307432012022333
Bubo_leucostictus,1295572.6264379006,249636.54987569724,68853.40798847875,203426.35942786184,48551.262331108606,0.19268433492768214,0.05314515495575657,0.15701656184815393,0.0374747515811579
Bubo_magellanicus,1512065.7238900505,65.86011742025653,30.4927858153373,25.571598408394276,22.45755405922225,4.355638540024569e-5,2.016630979299586e-5,1.6911697689044177e-5,1.4852234069195292e-5
Bubo_nipalensis,1302754.599986341,164028.61374844416,70940.10522049273,147176.832998757,66052.09335443284,0.12590906510724578,0.054453928023924465,0.11297356616533927,0.050701869220132
Bubo_philippensis,115748.95373328115,81.4198223839159,78.42615810105896,81.30450442746822,78.42615810106659,7.034173507220685e-4,6.775539265933701e-4,7.024210742743918e-4,6.77553926593436e-4
Bubo_poensis,1924228.0779691974,332728.7094152065,110281.97696193165,276836.1240409963,82805.58522318673,0.1729154216304564,0.05731232083377645,0.14386866464040227,0.04303314465225897
Bubo_scandiacus,38226593.542249344,4840952.497390794,3229276.155006046,3555704.6362883113,2232731.8692690935,0.1266383438545317,0.08447721483309621,0.09301651826125769,0.0584078167153817
Bubo_shelleyi,619180.150481497,175868.74228576134,39896.5068100689,91103.18068162874,31250.325269234785,0.28403485181009014,0.06443440859504931,0.1471351764277062,0.050470489476985646
Bubo_sumatranus,713874.833019247,72972.55252336543,59178.209325517746,55077.9251201048,44022.047912903305,0.10222037414421359,0.08289717831238101,0.07715347645351132,0.06166633963928577
Bubo_virginianus,16809712.216134675,3069552.740326532,1447599.8141975522,2411243.2780876607,1189734.697043618,0.18260590668412785,0.08611687074619186,0.14344345977400177,0.07077662495028678
Ciccaba_albitarsis,166141.984900918,153533.78311064426,44906.41266713906,51018.07557681057,19783.709480138954,0.9241118866023367,0.27028937143082693,0.30707515386454654,0.11907712245003786
Ciccaba_huhula,3761423.011115832,1631976.063064986,449531.2614165981,1500023.8220005026,426441.0870249339,0.4338719836195339,0.1195109563822347,0.39879157902942647,0.11337227580219154
Ciccaba_nigrolineata,511583.8896296279,243967.2177527732,91760.40031677527,147611.97173484167,46762.117464251096,0.4768860448858123,0.17936530484415208,0.2885391325393544,0.09140654819702303
Ciccaba_virgata,5213032.984753232,3957.774899848482,75.67520789488506,2164.3384840894546,40.2207482367966,7.592077225338773e-4,1.4516541160628637e-5,4.151783597801093e-4,7.715421781222532e-6
Glaucidium_albertinum,16321.48521460229,11108.751084901252,7607.767465548061,1579.0552638390911,510.3821667093875,0.680621336774096,0.4661198025496874,0.09674703270425188,0.031270571274528716
Glaucidium_bolivianum,37220.28110127631,25817.57953195529,1072.622305537089,7719.649791363573,549.2368034779539,0.6936427874283299,0.028818221512580355,0.20740439252348528,0.0147563851541981
Glaucidium_brasilianum,7491138.3010432795,2220639.8578027156,598888.5892636427,2023744.682338293,547300.0098151468,0.29643557074543003,0.07994627320927133,0.27015182486437994,0.07305965900254774
Glaucidium_brodiei,1364826.053923603,195092.1628349545,99946.73781518613,115992.2210803966,70462.63908037379,0.14294287706048944,0.07323038531383481,0.08498681626639679,0.05162756006731242
Glaucidium_californicum,1368541.5438885102,336357.22414933227,234830.88796768198,257506.67267126398,204436.79213829036,0.2457778688936417,0.17159207845488156,0.18816138525075132,0.14938296396718304
Glaucidium_capense,2122328.0861731474,684148.8555115986,217124.67184870242,594332.4622866333,195843.37922510479,0.32235772591843426,0.10230495146497749,0.28003797629531324,0.09227761744332263
Glaucidium_castaneum,46205.4684860058,24028.44473182592,21722.236570403784,8864.919256152534,6962.792858944874,0.520034652156019,0.47012263444494184,0.19185865973499314,0.15069196541213922
Glaucidium_castanopterum,25488.348292639337,1371.1088440623155,1129.5922958147635,1254.4139303171298,1013.95840058242,0.05379355414953552,0.04431798729543308,0.049215191032185725,0.039781251768096576
Glaucidium_castanotum,23702.852848541726,8881.9198763941,7800.908844160036,8417.039208681246,7486.491823769916,0.37471944550930053,0.329112655510578,0.3551065883277881,0.3158477113117001
Glaucidium_cobanense,35648.07778003626,3656.0442946790063,1738.5379000297964,2901.5181500891413,1249.0345525332355,0.1025593670783134,0.048769471127091665,0.08139339708560829,0.03503792154629788
Glaucidium_costaricanum,5417.75588359562,5127.324154353025,3151.096859594213,3272.709933982621,2375.238310664308,0.9463926143069696,0.5816240021325794,0.6040711328267915,0.43841737459162256
Glaucidium_cuculoides,2546555.764389344,194942.30797803254,79565.22139994633,152520.0243407299,66823.28397217032,0.07655136035270725,0.031244248609268454,0.05989267012077535,0.02624065214145991
Glaucidium_gnoma,322746.531119457,59019.79209693454,12211.600168064206,40279.631843719195,9279.793168954104,0.18286731662838465,0.03783650323276246,0.12480267937817321,0.028752572914623853
Glaucidium_griseiceps,140726.64790946277,35534.59197579558,11221.428146522192,27891.81280656123,9462.14123794621,0.25250791164056535,0.07973918453413001,0.19819851620785833,0.067237736267503
Glaucidium_hardyi,2384903.6240749694,1242651.151903929,261648.3079694044,1044476.1169638707,230993.5438352895,0.5210487918084803,0.1097102228065462,0.43795317614521667,0.09685655281977476
Glaucidium_hoskinsii,24537.409554014328,48577.72555054599,14969.652466914979,7666.717107200013,3140.1409330542397,1.9797414003141445,0.6100746875485045,0.31245014231527696,0.12797361213464
Glaucidium_jardinii,104033.41121325131,90641.01016244409,25937.944932215018,31622.83620331656,14720.317305219438,0.8712682695431854,0.24932321866334378,0.30396807943262544,0.14149605529174872
Glaucidium_minutissimum,650322.7430736416,71075.46884778498,16650.85503570651,55756.426675595154,15461.548047829314,0.10929260833145506,0.025603986963471447,0.08573654738272221,0.023775191952772397
Glaucidium_mooreorum,24.570704109782852,0,0,0,0,0,0,0,0
Glaucidium_nana,467263.54463784996,167798.88695120031,89310.88639246456,124250.27251765387,78915.69027809764,0.3591097334187539,0.1911360032627507,0.26591047802360307,0.16888903742589378
Glaucidium_nubicola,3485.650407155529,1351.9334249240887,1319.5027329920217,240.51261372094416,217.469142486346,0.3878568608454731,0.378552803311335,0.06900078482546816,0.06238983176279346
Glaucidium_palmarum,122557.45633727779,33609.62723038674,785.2758109793951,9841.883840287383,785.2758109793415,0.2742356787978133,0.006407409507735851,0.08030424369450476,0.006407409507735413
Glaucidium_parkeri,14604.311818135937,31323.84593479332,24338.642872434015,5048.699858691882,3020.5519846365805,2.144835465365422,1.6665381549995244,0.34569926481727825,0.20682604029897503
Glaucidium_passerinum,10373053.022732299,1247770.1911913357,315047.43827839755,1033362.4231812935,251428.4913610448,0.12028957997774396,0.030371717717819293,0.09961989212980059,0.02423862008707034
Glaucidium_perlatum,6184375.906183215,1362517.7889779327,426075.5426602546,1171286.7313805665,398453.5445335788,0.22031613369680045,0.06889547936991654,0.18939449172381317,0.064429062944767
Glaucidium_peruanum,171629.8007173789,17872.846670521292,4660.2413150188595,6920.751959957612,2261.3391195198765,0.10413603346165001,0.027152867949155477,0.040323719604813534,0.013175678757814334
Glaucidium_radiatum,1177523.901859511,21921.471598179392,10773.155017876808,17995.995676345712,7683.396366019429,0.018616583122908717,0.009148990522285077,0.015282913279235324,0.006525044930201448
Glaucidium_sanchezi,14816.015017414153,4786.598905924302,2043.3368827761992,727.29247964439935,87.1714517756443,0.32306925312226836,0.13791406666195619,0.04908826555518261,0.005883596343091341
Glaucidium_siju,59114.916482595625,15148.391914051052,6526.72388333779,8597.893128974103,4535.7436783432795,0.2562532913078035,0.11040739413476734,0.14544371607977252,0.07672756637791538
Glaucidium_sjostedti,690217.571706389,165983.55522047903,42827.99230871654,135231.94355881782,39661.678391316804,0.24048004864629355,0.06204998838675625,0.1959265441830044,0.0574625741463859
Glaucidium_tephronotum,1036259.5890288843,238175.91070875546,71154.92969488942,186777.23953256232,58433.19709573302,0.2298419365479248,0.06866515924023558,0.18024174783038477,0.05638857069635693
Glaucidium_tucumanum,253157.90538402833,13449.270532709837,3871.0863689044895,13280.2991919953,3712.0702286795604,0.05312601442292684,0.015291192913893952,0.05245856009058744,0.01466306265667876
Jubula_lettii,1137371.1895409282,230932.3503262105,64361.11470175987,178841.6608306856,57466.627520939874,0.20304044312870334,0.056587607716472615,0.157241244085733,0.05052583364990532
Ketupa_flavipes,1488875.7431784444,57593.22360201722,14436.6087188568,39338.74901283788,11070.521752781457,0.03868235738670005,0.009696315347335567,0.026421781127858066,0.007435490707336102
Ketupa_ketupu,1314418.0669933658,167132.5276235315,97117.1733605469,143997.08569863348,81994.55963061519,0.1271532488942691,0.07388606091111884,0.10955196776016339,0.062380882985100534
Ketupa_zeylonensis,2959316.191150731,199501.93727626035,88424.47415480003,176706.71467298645,82830.85423526431,0.0674148770830345,0.029880035941822137,0.05971200887603497,0.02798986282133492
Lophostrix_cristata,2554427.7461876892,1244408.740063741,286254.81868048623,1030049.7016312906,256919.4832867935,0.48715754122266214,0.11206221006160859,0.4032408836650675,0.10057809764642138
Margarobyas_lawrencii,59346.83408825989,15236.437392695863,6719.650769700815,8844.008736237234,4649.542867602855,0.25673547084308523,0.11322677734936006,0.1490224183329566,0.0783452552951369
Megascops_albogularis,124468.50070819414,99387.93969267854,32329.876305322396,34382.42659127168,16270.467372292898,0.7984987296158178,0.2597434380696611,0.2762339579543773,0.13071955779749955
Megascops_asio,3173942.125997429,185064.8397100068,28358.355723743873,131946.4430432976,20665.719251983715,0.05830756591122441,0.008934742537194847,0.04157178606457189,0.006511057363873451
Megascops_atricapilla,539765.7556395789,62453.11925052887,15124.627393334187,50910.663390713176,14476.589773357047,0.11570411534634494,0.028020724240671258,0.0943199209264177,0.026820133774888063
Megascops_barbarus,9605.777642750048,357.2136585239082,60.60486475356674,330.9304633336091,56.01390035172796,0.0371873753285883,0.006309209624408514,0.03445118923644652,0.005831271806921785
Megascops_choliba,6813489.438573523,4218.886315310595,2873.2542123275443,641.8055869929048,457.9980915528602,6.191961333976712e-4,4.2170083893592865e-4,9.419631347183442e-5,6.721931481392991e-5
Megascops_clarkii,5063.666496739659,356.24661260040045,84.45639227678346,157.12944808144854,56.79376862544822,0.0703534904658071,0.016678901015926378,0.031030765589048846,0.011215937831216966
Megascops_colombianus,6901.2962766449655,4498.9508068848245,3570.041244595693,1198.7135826316232,892.9393615266366,0.6518993862225503,0.5173000986317968,0.1736939749548577,0.12938719419255756
Megascops_cooperi,37404.919250075436,8669.832396456144,2739.2591486689334,3774.466319673132,1178.7407546496104,0.23178321381989508,0.07323259088878822,0.10090828680683545,0.03151298755035364
Megascops_guatemalae,352340.3565435557,126868.17010646896,55331.0018074045,53954.54317907357,19532.98731138797,0.3600727755146769,0.15703850206147074,0.1531318856243588,0.05543783716122038
Megascops_hoyi,29601.91602844868,8265.64200321379,1144.4830505221548,3212.625497365402,865.01006339326,0.27922658774081255,0.03866246527495919,0.1085276201134391,0.029221421429678714
Megascops_ingens,93873.78376209142,110703.43152717767,32813.57530052121,27463.35625253923,12354.16421156834,1.179279529285177,0.34954993807091167,0.2925561871687292,0.13160398693290193
Megascops_kennicottii,2332605.1192053393,233885.0603102465,165456.9337706658,87220.58281018677,76136.27980631359,0.1002677471572751,0.07093225184510993,0.037391919486098296,0.032640020884568466
Megascops_koepckeae,82243.58870272839,10517.315539206766,3351.7090327475644,6040.594284074564,2096.8461262268816,0.1278800658519642,0.04075343848214606,0.07344760095414185,0.025495557274451956
Megascops_marshalli,12797.858427700816,17596.89600350614,2152.983188691593,3412.4020805092186,975.4013969429299,1.3749875499027135,0.16822995822734577,0.2666385239207768,0.07621598585835931
Megascops_nudipes,4972.836735178704,944.2356890025658,57.671788032362485,275.4298304015825,44.35473042339118,0.18987868278941875,0.011597362049789875,0.055386863689520394,0.008919402100941335
Megascops_petersoni,9514.642779513548,9317.60394566148,3691.2275547581885,2292.975418966606,597.3918017358566,0.979290989854467,0.3879523005010713,0.2409943780447255,0.06278657176937118
Megascops_roboratus,40055.62587491043,4017.5791854078934,1160.5463474087724,2251.906951814931,1087.9313192484483,0.10029999775697868,0.028973366963058782,0.056219492334170555,0.02716051229971902
Megascops_sanctaecatarinae,239351.02874296647,10843.479164917366,3971.1458532231445,7861.391455094427,2911.093174941084,0.04530366642610894,0.016591304721266378,0.032844611098524226,0.012162442711149737
Megascops_seductus,48129.5743603016,8333.55611447097,1572.3959004894714,3334.1655277643035,462.43688416314353,0.17314834434406887,0.032670056226103264,0.06927477693454114,0.009608164840630136
Megascops_trichopsis,363976.45148740045,4078.05061109422,1077.759890924757,2970.70675019029,965.6652708305311,0.011204160583546398,0.002961070383868131,0.008161810298579509,0.0026530982069974903
Megascops_vermiculatus,218653.3757525859,370311.7608636194,114161.0581555034,64711.70328219933,27407.50847666662,1.69360184625112,0.5221097445331954,0.2959556561130935,0.12534683437807606
Megascops_watsonii,3204909.611553868,1542760.0153449154,435295.0930170679,1436149.4037022097,419377.4404101386,0.48137395506668407,0.13582133219851386,0.4481091755364381,0.13085468585393512
Micrathene_whitneyi,966293.3518446792,64751.35394290171,27965.341141167617,50864.18609786349,19154.130555644744,0.06701003770675819,0.028940839847217258,0.05263845187464286,0.01982227293510714
Nesasio_solomonensis,6951.8399020973275,765.4448142366973,0,62.28037756471038,0,0.11010679546946518,0,0.00895883369608681,0
Ninox_affinis,2911.838439653471,0,0,0,0,0,0,0,0
Ninox_boobook,4302763.009500402,1098436.381072833,358246.6939967544,854312.6777270841,286869.0657272546,0.2552862843357886,0.08325968527798393,0.19854978669305778,0.06667089614135249
Ninox_burhani,219.2717419368851,1806.3140398602986,1806.3140398602986,97.90112080293761,97.90112080293761,8.237787614147864,8.237787614147864,0.44648307136227955,0.44648307136227955
Ninox_connivens,1538840.5474321488,502070.7872888631,199401.8280245557,226772.34306922997,115602.65379382046,0.3262656342963309,0.12957926560831529,0.14736571859095032,0.0751232179232122
Ninox_forbesi,2167.0240691074346,11.19574186019699,11.19574186019699,10.222089444387436,10.222089444387436,0.005166413248380924,0.005166413248380924,0.004717109325231336,0.004717109325231336
Ninox_granti,2795.3090173973023,0,0,0,0,0,0,0,0
Ninox_hantu,4241.367186847906,29.377629459960936,0,29.37762945997238,0,0.0069264527605764235,0,0.006926452760579121,0
Ninox_hypogramma,10121.804567313437,919.1093576877059,919.1093576877059,917.3061133491364,917.3061133491364,0.0908048907262847,0.0908048907262847,0.09062673629477228,0.09062673629477228
Ninox_ios,34678.77724812724,4693.5202467894205,4306.453026110839,4125.197444882491,3743.7942083682883,0.1353427259908042,0.12418122459445714,0.118954524127729,0.10795634983267655
Ninox_jacquinoti,10307.121543107798,765.4448142366973,0,143.50718295312421,0,0.0742636837098848,0,0.013923109604648555,0
Ninox_japonica,3237259.806931,45988.691555680554,37403.4541752704,27589.24979001566,23847.405507802436,0.01420605521287429,0.011554047684152286,0.0085224082821362835,0.0073665405095831174
Ninox_leucopsis,45782.84408888698,19934.252737004987,10908.61029162194,18993.56390919521,10419.26457985346,0.435408789770745,0.23826851539504562,0.4148620359259328,0.22758010750980326
Ninox_leventisi,128.92979326229784,9.69304372258854,0,9.693043722587586,0,0.07518079008215565,0,0.07518079008214826,0
Ninox_malaitae,2219.084316540714,0,0,0,0,0,0,0,0
Ninox_meeki,921.8362272631372,25.27723294755554,0,11.463685733695268,0,0.027420524600776163,0,0.012435707552663768,0
Ninox_mindorensis,5086.592316653407,1702.2634734158246,561.1588910524749,1276.4029065699278,561.1588910524631,0.33465695055659295,0.1103211848166505,0.25093477658726626,0.11032118481664818
Ninox_natalis,70.19374174324798,45.33164934865485,45.3316492750193,36.58517424181822,36.5851741681735,0.6458075637920435,0.6458075627430105,0.5212027929161847,0.521202791867021
Ninox_novaeseelandiae,181032.08141929263,328978.5431994006,25955.368495416995,57826.613237386875,21181.277017521064,1.8172389148940165,0.1433744134847633,0.3194274339886382,0.11700289170549066
Ninox_obscura,2679.1701335255334,0,0,0,0,0,0,0,0
Ninox_ochracea,47419.53717745097,6849.968265700851,4701.206113561953,3868.404155714872,2560.4187091320105,0.1444545576239441,0.09914070008674568,0.08157827735093086,0.05399501685456234
Ninox_odiosa,9919.493158546014,132.66410269127917,0,70.76751275383052,0,0.013374080769135275,0,0.00713418635637262,0
Ninox_philippensis,83606.98409605095,29453.947241537706,5320.093032148618,11190.660347277168,4723.587631130965,0.35229051209047163,0.06363216051468486,0.13384839159394749,0.05649752448556599
Ninox_punctulata,76716.12794555201,9238.758198144875,6873.855429733139,5050.531983284771,3306.637761707146,0.12042784803609911,0.08960117792456553,0.06583403149425504,0.04310225046881898
Ninox_randi,116973.37508573371,32747.118055473617,4629.658081659206,15238.948461773793,4021.0075214124026,0.2799536050957934,0.03957873386371877,0.1302770690390412,0.03437540823683399
Ninox_reyi,904.2598800536587,0.9157674335718154,0,0.9157674335722923,0,0.001012725936173873,0,0.0010127259361744003,0
Ninox_roseoaxillaris,1730.208614501345,0,0,0,0,0,0,0,0
Ninox_rudolfi,5465.448274050678,482.8892370438,482.8892370438,481.48396130880343,481.48396130880343,0.08835308886491575,0.08835308886491575,0.08809596892442183,0.08809596892442183
Ninox_rufa,419119.3122487849,314043.0605803767,118192.83333612086,58508.2126109723,33309.28446839476,0.7492927464863848,0.282002832801851,0.1395979877353932,0.07947446823596312
Ninox_rumseyi,2272.180620511712,2905.1361991051876,0,183.92679603593777,0,1.2785674575689892,0,0.08094726025544399,0
Ninox_scutulata,2758611.9786413247,9.904096923253059,0,9.904096923252105,0,3.590246471753174e-6,0,3.5902464717528286e-6,0
Ninox_spilocephala,49148.992276208824,12452.042852668277,844.3999977322597,5518.700732953471,742.5987535772905,0.2533529636312776,0.017180413241982218,0.11228512482899605,0.015109134881220232
Ninox_spilonotus,589.7859109178621,91.19152603086638,78.42615810105896,91.06638293937414,78.42615810106659,0.1546180136601574,0.13297394300078688,0.15440582973175956,0.13297394300079982
Ninox_squamipila,9197.00055833555,1027.1425555549586,980.274393053449,939.2695313724281,931.4814077260207,0.11168234132855681,0.106586314400622,0.10212781062855722,0.10128099936688466
Ninox_strenua,340973.97055477963,61626.523135106414,49868.97438447127,46635.906607274104,43051.31737868262,0.18073673786546626,0.14625449063848556,0.13677262968605913,0.12625983534354907
Ninox_sumbaensis,1497.7809787949793,482.8892370438,482.8892370438,323.43259614608047,323.43259614608047,0.3224031042457906,0.3224031042457906,0.21594118280651023,0.21594118280651023
Ninox_theomacha,301452.9278326952,37914.32617387561,26441.51912951081,20327.78449259706,14608.388010103508,0.1257719619658757,0.0877135920344609,0.06743269882546596,0.04845993075977384
Ninox_variegata,3911.8129404417955,0,0,0,0,0,0,0,0
Otus_alfredi,228.3170633561399,165.22978683251355,0,76.41344144784712,0,0.7236856694095624,0,0.33468125563902235,0
Otus_alius,490.5380408915727,0,0,0,0,0,0,0,0
Otus_angelinae,8498.688245750185,853.6794766424333,652.949452246104,580.6950502067644,381.80154646589756,0.10044838120392524,0.0768294392458289,0.06832760932219677,0.04492476196627397
Otus_bakkamoena,1610398.0660659592,54101.842399871945,10658.63584761012,38196.73306266577,10531.105251273226,0.03359532251056244,0.00661863428192515,0.023718814538803163,0.006539442311303601
Otus_balli,2999.460429048152,0,0,0,0,0,0,0,0
Otus_beccarii,1270.8114858068423,225.1208339350664,225.1208339350664,217.06112664947415,217.06112664947415,0.17714730819586233,0.17714730819586233,0.17080513441508702,0.17080513441508702
Otus_brookii,19587.67227817155,23296.702509756888,20438.564756334577,7965.7266321973475,6965.97625991689,1.189355334258817,1.0434402039241415,0.40667040570585467,0.3556306313986964
Otus_brucei,1096511.1287736997,150100.01106531383,34791.29068071713,45433.29906347696,17038.1676253405,0.1368887256376326,0.03172908123570666,0.04143441673436365,0.015538526858724542
Otus_capnodes,139.85518264979564,70.56793909466315,0,30.19884769558823,0,0.5045786488396986,0,0.21592941443727298,0
Otus_collari,280.66924023348423,0,0,0,0,0,0,0,0
Otus_elegans,2220.3611877023977,6633.363193263295,1679.1852488723287,1005.7495731335963,609.81693022695,2.9875153781297255,0.7562667092960352,0.4529666518690743,0.274647626523314
Otus_enganensis,202.6264802009345,35.97529275032598,2.2166048470506667,32.24337054386179,1.474920933272764,0.17754487327940102,0.010939364118907712,0.15912713141879414,0.00727901373902443
Otus_everetti,60848.71336583726,15992.389737719714,2581.5857366052037,7214.76645465714,2581.5857366050122,0.26282215108756,0.042426299486138394,0.1185689237384562,0.042426299486135244
Otus_feae,7.4039402149570135,109.30451445294908,0,7.403940214957097,0,14.763019592208266,0,1.0000000000000113,0
Otus_fuliginosus,4396.111317503805,7984.1177629971035,120.0279577752037,4293.068796594531,113.6769516419388,1.8161773409165252,0.027303211658288452,0.9765605296437798,0.025858524371145067
Otus_gurneyi,54980.26436894975,16784.974495930204,2579.885797149638,7417.061128734085,2579.885797149416,0.30529090190060204,0.04692385216333437,0.1349040644650463,0.046923852163330323
Otus_hartlaubi,195.79855028103577,135.2589015188318,0,125.50550596771514,0,0.6908064504292318,0,0.6409930297623407,0
Otus_icterorhynchus,338319.9649534207,136493.3358752172,53004.20765339111,69696.59711051668,34492.62435499996,0.40344452002414155,0.15666887309085836,0.20600793429413009,0.10195267181394053
Otus_insularis,24.477083657540202,13.236041401694273,12.72670624984233,10.827550350369453,10.76369113382256,0.5407523864721887,0.5199437329994927,0.4423545918238511,0.43974565288977097
Otus_ireneae,320.42977322365186,278.9670961809884,73.83772650254201,186.5252139691343,48.666222634227275,0.8706029198674882,0.23043341372340312,0.5821094965446436,0.15187796734562328
Otus_jolandae,1078.9838728315817,200.41225798580194,198.5104766677328,200.412257985786,198.5104766677225,0.18574166216206667,0.18397909520814335,0.18574166216205187,0.18397909520813377
Otus_lempiji,750076.5400971937,77851.16492647998,57949.20010528787,62029.29179490105,49141.1862213764,0.10379096100831543,0.07725771572295663,0.08269728284911217,0.06551489560653206
Otus_lettia,2305844.6327024237,167742.5806834264,75381.30522261391,154084.47852567435,69284.2830551621,0.07274669693891475,0.03269140693762523,0.06682344349674986,0.030047246927457427
Otus_longicornis,10404.418385165382,6819.994039301954,2357.635428874363,3699.076592078258,1283.7697735420913,0.6554901760799913,0.22659944473550575,0.3555293967563243,0.12338698099381414
Otus_magicus,46124.961239204706,891.0300809668397,0,2.6081153251677676,0,0.0193177415661326,0,5.6544553211482265e-5,0
Otus_manadensis,89730.79671290914,14106.445003037408,11741.542234625716,6205.663688363256,4700.089486440288,0.15720851167933497,0.13085298096920292,0.06915868258941334,0.052379892507564335
Otus_mantananensis,950.4615187182782,5821.991763019537,78.42615810105896,242.7446287443583,78.42615810106659,6.125436588817023,0.08251376468856798,0.25539658782998986,0.08251376468857602
Otus_mayottensis,191.3856041419334,35345.57930234362,0,34.66960081353863,0,184.68253900711883,0,0.18115051531162876,0
Otus_megalotis,55646.3723172976,15859.14870854387,2799.1470312191263,8040.992585518361,2468.812579992521,0.2849987887460918,0.05030241711460165,0.14450164944568775,0.04436610109847347
Otus_mendeni,1182.9104701596345,0,0,0,0,0,0,0,0
Otus_mentawi,3082.3603821287784,919.0619361805047,891.0046781857593,912.7502725656911,890.8933610155407,0.2981682289680127,0.2890657054093079,0.2961205567842512,0.2890295911473728
Otus_mindorensis,495.4369892441163,1106.5936067962375,561.1588910524749,143.1627244951744,138.40574308370972,2.2335708290262244,1.1326544106216816,0.2889625272299439,0.2793609401164699
Otus_mirus,842.9110681189068,870.0783671665372,331.1285920013256,482.3800634123739,155.23819621987153,1.0322303266325101,0.39283929767382575,0.5722787155813288,0.18416912778985192
Otus_moheliensis,10.53347236609596,314.55455748254013,0,10.533472366094589,0,29.862380281643446,0,0.9999999999998698,0
Otus_nigrorum,12465.412274974826,5728.479734313563,775.7817520209034,1001.0280884724672,609.1107071033153,0.4595499617621056,0.06223474482094256,0.08030445093918795,0.04886406431387328
Otus_pamelae,106422.75228950835,5935.646271093716,0,1478.5684737779404,0,0.055774222554840644,0,0.013893349325863136,0
Otus_pauliani,89.5856522596367,122.68773687042236,0,85.31862659772038,0,1.3695020773510622,0,0.9523693185874268,0
Otus_pembaensis,490.43452971633985,12.256398272732735,0,0.5058179117135405,0,0.02499089588945064,0,0.001031366841168582,0
Otus_rufescens,447224.52318148466,61500.96304708181,49275.534186122844,42142.448645270335,33309.87483670119,0.1375169738223961,0.11018075179684797,0.09423107736909328,0.07448132450282466
Otus_rutilus,315305.96293633356,28039.71941654164,12780.258791246462,23116.6093369117,12217.463279053176,0.08892860495062509,0.04053288010232476,0.07331484987354774,0.038747961393676915
Otus_sagittatus,75881.50044186982,26506.719217436104,19923.8251971939,14911.510961480162,13343.254504143313,0.3493172784286465,0.26256498726533284,0.19651049168305984,0.17584331393611696
Otus_scops,15672115.283602677,1024821.9476670204,16562.03665354824,1018612.0079448746,12857.636088254712,0.06539142477718146,0.001056783743217909,0.06499518345239724,8.204148486393103e-4
Otus_semitorques,1326733.5385413251,176393.08915433133,39724.07634287259,108295.80998699988,36100.5416581741,0.13295291332445427,0.02994126189539699,0.08162589309837266,0.02721009201129021
Otus_senegalensis,6979573.905742433,1334675.0658166325,455701.6342888287,1175557.7581542926,397031.8509568667,0.19122586619772458,0.06529075276556652,0.16842829863684147,0.05688482654080207
Otus_siaoensis,58.047002416296955,0,0,0,0,0,0,0,0
Otus_silvicola,14390.944466605873,932.4302354555692,217.13111294058191,563.140940218699,210.08244732618826,0.06479284508527357,0.015088037720139478,0.03913161790912787,0.014598239039396178
Otus_socotranus,1866.5719562388847,2049.1113556486616,0,1360.4311173720828,0,1.0977939258112455,0,0.7288393639607292,0
Otus_spilocephalus,1815498.7206136496,221877.62217358494,106838.46888362827,186185.11949554284,93704.10536568663,0.12221304242978974,0.05884800009526651,0.1025531537871925,0.05161342407006163
Otus_sulaensis,2356.0390965730426,52.701520775605196,52.701520775605196,52.40982350982856,52.40982350982856,0.022368695346465923,0.022368695346465923,0.022244887016544354,0.022244887016544354
Otus_sunia,4737212.093091412,162612.0596374159,72306.57781102583,142878.6116693314,63815.55839304145,0.03432653139481843,0.015263529770278865,0.030160906639097006,0.013471121228899138
Otus_tempestatis,1339.9759775114803,216.33046526685524,216.33046526685524,216.33046526686857,216.33046526686857,0.1614435399570451,0.1614435399570451,0.16144353995705504,0.16144353995705504
Otus_thilohoffmanni,4822.255800894391,560.9413870546596,318.6162179199592,307.59202977928044,276.7529887948,0.11632344077446513,0.06607202750647632,0.06378592146070536,0.0573907731612807
Otus_umbra,782.2336808727852,0,0,0,0,0,0,0,0
Phodilus_assimilis,38447.16496705908,6709.495985345867,1940.0427074662514,2561.91645298436,1263.6087319917401,0.1745121126900893,0.05045996783191815,0.06663472989957438,0.03286610945369782
Phodilus_badius,1819745.0435147402,4405.819052122406,1735.4857994173312,1802.1560133308662,1735.4857994173792,0.002421118863779292,9.53697225664829e-4,9.903343436782211e-4,9.536972256648554e-4
Phodilus_prigoginei,4161.099267119323,754.224342334953,238.51910312230467,692.6317740201816,215.7365954037583,0.18125603210064564,0.05732117592268557,0.16645403763695404,0.05184605835013161
Pseudoscops_grammicus,5831.182370730279,2170.4448454503827,319.23250972684804,1171.8534676709785,221.32502846247604,0.37221350790621266,0.05474575985296586,0.20096326836785577,0.037955429000715336
Psiloscops_flammeolus,986228.1490878592,18398.67410152389,982.5719846382265,12949.59540694433,982.5719846382484,0.018655596190942654,9.962927802729883e-4,0.01313042567170804,9.962927802730107e-4
Ptilopsis_granti,4110454.198815805,1032825.7418228716,322005.1751245946,956154.0253815495,306235.20553298993,0.2512680331337646,0.07833810074258027,0.23261517563120185,0.07450154915269809
Ptilopsis_leucotis,4259281.692020147,619707.3534646448,158679.55332693542,540119.1054781838,147196.6752383576,0.14549574277411126,0.03725500326128344,0.12680990470531878,0.0345590373874857
Pulsatrix_koeniswaldiana,357616.0170037999,57003.04345275494,13594.262648369937,40432.3435600122,12299.017913247166,0.1593973444767415,0.03801357322377842,0.1130607736721775,0.03439168641352124
Pulsatrix_melanota,80121.49759485808,65983.76814063525,34301.11858013829,22013.68336013651,13149.737889003374,0.8235463654746995,0.42811379729302035,0.27475376797686407,0.1641224675491747
Pulsatrix_perspicillata,6520298.763109757,2095749.0047382035,550765.8682883491,1962378.6006484283,529585.4889681129,0.32141916818220584,0.08446942207686045,0.30096452201716317,0.08122104649013585
Pyrroglaux_podargina,221.89191337410534,9103.501808380457,62.697240993387496,67.82451819935766,5.639797924735702,41.02673986605422,0.28255757517256247,0.3056646687480083,0.025416870038103258
Scotopelia_bouvieri,1705269.8107400078,273653.327852301,85289.47228375507,246828.78544446238,77849.43869481447,0.16047509087934195,0.05001523615007493,0.14474471071375514,0.04565227051139282
Scotopelia_peli,2374454.8690708717,738166.1516533578,234722.4904573603,530623.5357404557,156793.54945607408,0.31087815619009995,0.09885321195816521,0.22347172930184586,0.06603349320234823
Scotopelia_ussheri,181566.40438144875,26629.250875582005,5369.771327856381,24200.152353634738,4417.169869385716,0.14666397655613211,0.02957469663041379,0.13328540836658959,0.02432812328048191
Strix_aluco,7443335.957008138,1501971.077105424,178847.50194172777,1080094.1507247183,130895.96534460878,0.20178735526390829,0.0240278690864863,0.1451088808785764,0.017585658648306215
Strix_butleri,106698.14488738973,109405.35677277767,4401.090456229913,14192.668952188875,1027.1653475347073,1.0253726237531604,0.04124805038433299,0.1330170169984488,0.009626834174284733
Strix_chacoensis,432492.5546499944,59684.6485789349,11611.23366329774,30327.35383778336,8408.013407739178,0.13800156311878298,0.026847245203317837,0.07012225646826808,0.01944082809597399
Strix_fulvescens,60450.9620940311,8080.111471909493,4302.201969171745,6302.108475219013,3509.7573446432093,0.1336639019796067,0.07116846151231963,0.10425158271949621,0.05805957793002208
Strix_hylophila,397159.41185062076,0,0,0,0,0,0,0,0
Strix_leptogrammica,2912889.885431548,276837.14034419763,143870.73069360017,243062.24904214367,126355.95549966526,0.09503865619114671,0.049391063978474266,0.0834436791647322,0.04337821217740453
Strix_nebulosa,19213312.588930216,2900121.6887418865,1112751.4336984728,2444781.777171433,973863.3034232942,0.15094334593883602,0.05791564721325496,0.12724415770865033,0.05068690257943272
Strix_nivicolum,2864897.973299663,95520.48072358193,19278.944729397655,73052.1639932062,15784.683831718696,0.033341669271930705,0.006729365202207539,0.02549904557650545,0.005509684456071081
Strix_occidentalis,757883.7014406013,27580.099913737587,3769.8719682605665,7487.385270935386,3156.936732125588,0.03639093948228832,0.004974209052252628,0.009879332748155431,0.0041654632843071
Strix_ocellata,1217289.572212718,4989.822054337702,0,4975.821999484213,0,0.004099124947950958,0,0.004087623941803308,0
Strix_rufipes,457237.860688595,65.86011742025653,30.4927858153373,25.58177755457729,22.467733205405263,1.4403907261982188e-4,6.668910962319594e-5,5.5948511166707466e-5,4.9137954524520596e-5
Strix_seloputo,314751.0885215214,66808.81308698008,22265.875826133695,31920.451133533552,9427.16967061741,0.21225919630906045,0.07074121945287964,0.10141490306982992,0.029951190049570926
Strix_uralensis,11287135.12587483,1446804.2285506513,359596.6613894988,1190872.1289144938,295999.53105237894,0.12818170531457282,0.031858984355131265,0.10550703217723666,0.026224504956428165
Strix_varia,4640969.358649587,537481.415462202,278660.6564790955,396786.9147829215,219605.71137233917,0.11581231719629291,0.06004363203987608,0.08549655990367865,0.047318931542405025
Strix_woodfordii,5061670.855766734,1088732.3014180139,328842.9035583011,892988.8498340411,294409.4187420764,0.21509346072505428,0.06496726336594015,0.17642175385953113,0.05816447318115466
Surnia_ulula,21102763.234846376,3373722.604263889,1320955.1973923654,2766304.991973155,1140829.6735795266,0.1598711299898849,0.0625963141742078,0.131087334923288,0.054060677309581334
Tyto_alba,35306435.638667196,7127585.421534023,1205475.6765327125,3427274.560377519,911440.5594320144,0.20187779628844704,0.03414322784859341,0.09707223338693549,0.025815139448226127
Tyto_almae,656.5146010951901,889.9057502361997,889.9057502361997,505.9567281922011,505.9567281922011,1.3555003175126177,1.3555003175126177,0.7706709452435178,0.7706709452435178
Tyto_aurantia,10296.963594796334,132.66410269127917,0,70.91025669369733,0,0.012883808073121885,0,0.0068865210642807834,0
Tyto_capensis,1400160.5687715593,413363.74201057234,112234.92474579463,240290.283072408,69734.146615893507,0.29522595567252685,0.08015860984020193,0.1716162334747281,0.04980439256125835
Tyto_glaucops,40262.88124927665,33518.99373610493,24054.69930328616,7749.034959788719,5112.062588852623,0.8325036037183037,0.5974410811376873,0.19246101419847927,0.12696713275939397
Tyto_inexspectata,85340.8491061758,3797.196045062063,2424.734271417591,3201.827897902658,2420.7332133191776,0.044494472281823995,0.028412352312090158,0.037518116253086986,0.028365469041765113
Tyto_longimembris,2317809.160421983,370154.6345293414,133872.570826219,119006.35834449242,57751.14268493685,0.15970022072997186,0.05775823700767754,0.051344329971854105,0.024916263025909612
Tyto_multipunctata,28962.69890555348,199493.34225427776,71025.92169644956,11880.758529865974,9060.036267689786,6.887940343709671,2.4523240022645343,0.4102089576875685,0.31281740342066533
Tyto_nigrobrunnea,3891.904029104375,18.110814876372284,18.110814876372284,15.542230123028993,15.542230123028993,0.00465345875461889,0.00465345875461889,0.00399347723037396,0.00399347723037396
Tyto_novaehollandiae,1798283.0359067824,849.2570785374984,75.14331791688362,8.86703603907889,7.296143678711355,4.722599621862425e-4,4.1786146238649624e-5,4.930834502705352e-6,4.057283271335695e-6
Tyto_rosenbergii,77822.09721108407,7565.913879000471,5067.541389873061,5453.565276996123,3678.113741931862,0.0972206371986962,0.06511699853227934,0.07007733628925361,0.04726310230313344
Tyto_soumagnei,43954.76355275093,9586.945533140512,3390.126011549565,5274.86612278564,2883.462389719784,0.21810936422476804,0.07712761342649499,0.12000669998952845,0.06560068025981501
Tyto_tenebricosa,597134.2008959206,282202.27411046793,129934.40276862784,71538.12435948328,55575.20030072086,0.47259439115539,0.21759665176383888,0.11980242339519293,0.09306986640078169
Uroglaux_dimorpha,91608.42851723265,18665.378983753457,13400.381523704338,4730.415034256847,3405.719152789711,0.20375176483070304,0.14627891494922396,0.05163733414952096,0.037176919284769246
Xenoglaux_loweryi,97.83287984001403,937.3073150347242,0,47.39384409492388,0,9.58069839677112,0,0.4844367678067636,0
